source_schema,source_table,classification,home,inbound_fks,notes
mdm,adverse_media_check,DATA,crims.mdm,0,
mdm,agreement_type,FABRIC_REF,crims.mdm,1,
mdm,benchmark_change_request,DATA,crims.mdm,0,
mdm,benchmark_currency_variant,FABRIC_REF,crims.mdm,1,
mdm,benchmark_dq_rule,FABRIC_RULE,alpha.public,0,
mdm,benchmark_exception,DATA,crims.mdm,0,
mdm,benchmark_feed_health,DATA,crims.mdm,0,
mdm,benchmark_feed_schedule,FABRIC_RULE,crims.mdm,0,
mdm,benchmark_field_mapping,FABRIC_RULE,crims.mdm,0,
mdm,benchmark_golden_distribution,DATA,crims.mdm,0,
mdm,benchmark_golden_field,DATA,crims.mdm,0,
mdm,benchmark_golden_publication,DATA,crims.mdm,1,
mdm,benchmark_golden_record,DATA,crims.mdm,2,
mdm,benchmark_hierarchy,DATA,crims.mdm,0,
mdm,benchmark_hierarchy_closure,DATA,crims.mdm,0,
mdm,benchmark_identifier,DATA,crims.mdm,0,
mdm,benchmark_master,DATA,crims.mdm,18,
mdm,benchmark_match_candidate,DATA,crims.mdm,0,
mdm,benchmark_match_rule,FABRIC_RULE,crims.mdm,1,
mdm,benchmark_merge_log,DATA,crims.mdm,0,
mdm,benchmark_provider,FABRIC_REF,crims.mdm,3,
mdm,benchmark_rebalance_frequency,FABRIC_REF,crims.mdm,1,
mdm,benchmark_reconciliation,DATA,crims.mdm,1,
mdm,benchmark_reconciliation_result,DATA,crims.mdm,0,
mdm,benchmark_regulatory_regime,FABRIC_REF,alpha.public,0,
mdm,benchmark_return_variant,FABRIC_REF,crims.mdm,1,
mdm,benchmark_source_priority,FABRIC_RULE,crims.mdm,0,
mdm,benchmark_steward,DATA,crims.mdm,0,
mdm,benchmark_survivorship_log,DATA,crims.mdm,0,
mdm,benchmark_survivorship_rule,FABRIC_RULE,crims.mdm,1,
mdm,benchmark_type,FABRIC_REF,crims.mdm,2,
mdm,benchmark_type_mapping,FABRIC_RULE,crims.mdm,0,
mdm,benchmark_use_case,FABRIC_REF,alpha.public,0,
mdm,benchmark_weighting_method,FABRIC_REF,crims.mdm,1,
mdm,business_day_definition,FABRIC_REF,alpha.public,0,
mdm,ca_agenda_item,DATA,crims.mdm,1,
mdm,ca_bond_call,DATA,crims.mdm,0,
mdm,ca_bond_put,DATA,crims.mdm,0,
mdm,ca_cash_component,DATA,crims.mdm,0,
mdm,ca_change_request,DATA,crims.mdm,0,
mdm,ca_consent_solicitation,DATA,crims.mdm,0,
mdm,ca_conversion,DATA,crims.mdm,0,
mdm,ca_default_event,DATA,crims.mdm,0,
mdm,ca_election_deadline,DATA,crims.mdm,0,
mdm,ca_election_instruction,DATA,crims.mdm,0,
mdm,ca_election_option,DATA,crims.mdm,1,
mdm,ca_election_type,FABRIC_REF,crims.mdm,1,
mdm,ca_entitlement_basis,DATA,crims.mdm,0,
mdm,ca_event,DATA,crims.mdm,31,
mdm,ca_event_type,FABRIC_REF,crims.mdm,1,
mdm,ca_exception,DATA,crims.mdm,0,
mdm,ca_field_mapping,FABRIC_RULE,crims.mdm,0,
mdm,ca_fund_distribution,DATA,crims.mdm,0,
mdm,ca_fund_liquidation,DATA,crims.mdm,0,
mdm,ca_fund_reorganization,DATA,crims.mdm,0,
mdm,ca_golden_field,DATA,crims.mdm,0,
mdm,ca_golden_record,DATA,crims.mdm,1,
mdm,ca_identifier,DATA,crims.mdm,0,
mdm,ca_mandatory_type,FABRIC_REF,crims.mdm,1,
mdm,ca_match_candidate,DATA,crims.mdm,0,
mdm,ca_match_rule,FABRIC_RULE,crims.mdm,1,
mdm,ca_meeting,DATA,crims.mdm,2,
mdm,ca_merge_log,DATA,crims.mdm,0,
mdm,ca_payment_type,FABRIC_REF,crims.mdm,1,
mdm,ca_proxy_vote,DATA,crims.mdm,0,
mdm,ca_ratio_history,DATA,crims.mdm,0,
mdm,ca_regulatory_regime,DATA,crims.mdm,0,
mdm,ca_security,DATA,crims.mdm,0,
mdm,ca_sinking_fund,DATA,crims.mdm,0,
mdm,ca_source_priority,FABRIC_RULE,crims.mdm,0,
mdm,ca_status,FABRIC_REF,crims.mdm,1,
mdm,ca_stock_component,DATA,crims.mdm,0,
mdm,ca_survivorship_log,DATA,crims.mdm,0,
mdm,ca_survivorship_rule,FABRIC_RULE,crims.mdm,1,
mdm,ca_tax_treatment,DATA,crims.mdm,0,
mdm,ca_term,DATA,crims.mdm,0,
mdm,ca_type_mapping,FABRIC_RULE,crims.mdm,0,
mdm,calendar_change_request,DATA,crims.mdm,0,
mdm,calendar_classification,FABRIC_REF,alpha.public,0,
mdm,calendar_day,DATA,crims.mdm,1,
mdm,calendar_exception,DATA,crims.mdm,0,
mdm,calendar_field_mapping,FABRIC_RULE,crims.mdm,0,
mdm,calendar_golden_field,DATA,crims.mdm,0,
mdm,calendar_golden_record,DATA,crims.mdm,1,
mdm,calendar_hierarchy,DATA,crims.mdm,0,
mdm,calendar_hierarchy_closure,DATA,crims.mdm,0,
mdm,calendar_hierarchy_type,FABRIC_REF,crims.mdm,2,
mdm,calendar_historical_closure,DATA,crims.mdm,0,
mdm,calendar_identifier,DATA,crims.mdm,0,
mdm,calendar_master,DATA,crims.mdm,29,
mdm,calendar_match_candidate,DATA,crims.mdm,0,
mdm,calendar_match_rule,FABRIC_RULE,crims.mdm,1,
mdm,calendar_merge_log,DATA,crims.mdm,0,
mdm,calendar_reconciliation,DATA,crims.mdm,0,
mdm,calendar_regulatory_regime,DATA,crims.mdm,0,
mdm,calendar_rule,DATA,crims.mdm,0,
mdm,calendar_session,DATA,crims.mdm,0,
mdm,calendar_source,DATA,crims.mdm,8,
mdm,calendar_source_alias,DATA,crims.mdm,0,
mdm,calendar_source_priority,FABRIC_RULE,alpha.public,0,
mdm,calendar_special_event,DATA,crims.mdm,1,
mdm,calendar_special_event_impact,DATA,crims.mdm,0,
mdm,calendar_steward,DATA,crims.mdm,0,
mdm,calendar_survivorship_log,DATA,crims.mdm,0,
mdm,calendar_survivorship_rule,FABRIC_RULE,crims.mdm,1,
mdm,calendar_type,FABRIC_REF,crims.mdm,1,
mdm,calendar_type_mapping,FABRIC_RULE,crims.mdm,0,
mdm,candidates,DROP,DROPPED,0,
mdm,central_bank_calendar,DATA,crims.mdm,0,
mdm,client_group,DATA,crims.mdm,9,
mdm,client_group_hierarchy,DATA,crims.mdm,0,
mdm,client_group_hierarchy_closure,DATA,crims.mdm,0,
mdm,client_group_membership,DATA,crims.mdm,0,
mdm,client_group_servicing,DATA,crims.mdm,0,
mdm,client_group_user,DATA,crims.mdm,0,
mdm,counterparty,DATA,crims.mdm,16,
mdm,counterparty_agreement,DATA,crims.mdm,2,
mdm,counterparty_agreement_term,DATA,crims.mdm,0,
mdm,counterparty_change_request,DATA,crims.mdm,0,
mdm,counterparty_credit_limit,DATA,crims.mdm,1,
mdm,counterparty_credit_profile,DATA,crims.mdm,0,
mdm,counterparty_due_diligence,DATA,crims.mdm,0,
mdm,counterparty_exception,DATA,crims.mdm,0,
mdm,counterparty_exposure,DATA,crims.mdm,0,
mdm,counterparty_golden_field,DATA,crims.mdm,0,
mdm,counterparty_golden_record,DATA,crims.mdm,1,
mdm,counterparty_identifier,DATA,crims.mdm,0,
mdm,counterparty_match_candidate,DATA,crims.mdm,0,
mdm,counterparty_match_rule,FABRIC_RULE,crims.mdm,1,
mdm,counterparty_merge_log,DATA,crims.mdm,0,
mdm,counterparty_role,DATA,crims.mdm,1,
mdm,counterparty_role_assignment,DATA,crims.mdm,0,
mdm,counterparty_settlement_instruction,DATA,crims.mdm,0,
mdm,counterparty_status,FABRIC_REF,crims.mdm,1,
mdm,counterparty_steward,DATA,crims.mdm,0,
mdm,counterparty_type,FABRIC_REF,crims.mdm,1,
mdm,curve_category,FABRIC_REF,crims.mdm,1,
mdm,curve_compounding_frequency,FABRIC_REF,crims.mdm,1,
mdm,curve_interpolation_method,FABRIC_REF,crims.mdm,1,
mdm,curve_master,DATA,crims.mdm,3,
mdm,curve_point,DATA,crims.mdm,0,
mdm,curve_snapshot,DATA,crims.mdm,0,
mdm,domains,FABRIC_REF,alpha.public,4,
mdm,fair_value_classification,FABRIC_REF,crims.mdm,0,
mdm,fair_value_level,FABRIC_REF,crims.mdm,2,
mdm,fatca_crs_classification,FABRIC_REF,crims.mdm,0,
mdm,fatca_crs_status,FABRIC_REF,crims.mdm,3,
mdm,fund_calendar,DATA,crims.mdm,2,
mdm,fund_calendar_exception,DATA,crims.mdm,0,
mdm,fund_calendar_rule,DATA,crims.mdm,0,
mdm,fund_hierarchy,DATA,crims.mdm,0,
mdm,fx_rate_master,DATA,crims.mdm,0,
mdm,holiday_definition,FABRIC_REF,crims.mdm,3,
mdm,holiday_definition_calendar,DATA,crims.mdm,0,
mdm,holiday_manual_date,DATA,crims.mdm,0,
mdm,holiday_rule_type,FABRIC_REF,alpha.public,1,
mdm,holiday_type,FABRIC_REF,alpha.public,1,
mdm,kyc_document,DATA,crims.mdm,0,
mdm,kyc_profile,DATA,crims.mdm,0,
mdm,kyc_status,FABRIC_REF,crims.mdm,1,
mdm,match_rules,DROP,DROPPED,0,
mdm,mdm_bo_ui_metadata,DROP,DROPPED,0,
mdm,mdm_candidates,DROP,DROPPED,0,
mdm,mdm_field_rules,DROP,DROPPED,0,
mdm,mdm_funds,DROP,DROPPED,2,
mdm,merge_events,DROP,DROPPED,0,
mdm,party,DATA,crims.mdm,43,
mdm,party_address,DATA,crims.mdm,0,
mdm,party_change_request,DATA,crims.mdm,0,
mdm,party_consent,DATA,crims.mdm,0,
mdm,party_contact,DATA,crims.mdm,0,
mdm,party_control,DATA,crims.mdm,0,
mdm,party_document_type,FABRIC_REF,crims.mdm,1,
mdm,party_exception,DATA,crims.mdm,0,
mdm,party_golden_field,DATA,crims.mdm,0,
mdm,party_golden_record,DATA,crims.mdm,1,
mdm,party_hierarchy,DATA,crims.mdm,0,
mdm,party_hierarchy_closure,DATA,crims.mdm,0,
mdm,party_history,DATA,crims.mdm,0,
mdm,party_identifier,DATA,crims.mdm,0,
mdm,party_individual,DATA,crims.mdm,0,
mdm,party_legal_entity,DATA,crims.mdm,0,
mdm,party_match_candidate,DATA,crims.mdm,0,
mdm,party_match_rule,FABRIC_RULE,crims.mdm,1,
mdm,party_merge_log,DATA,crims.mdm,0,
mdm,party_name,DATA,crims.mdm,0,
mdm,party_ownership,DATA,crims.mdm,0,
mdm,party_relationship,DATA,crims.mdm,0,
mdm,party_relationship_type,FABRIC_REF,crims.mdm,1,
mdm,party_role,FABRIC_REF,crims.mdm,1,
mdm,party_role_assignment,DATA,crims.mdm,0,
mdm,party_segment,FABRIC_REF,alpha.public,0,
mdm,party_status,FABRIC_REF,alpha.public,0,
mdm,party_steward,DATA,crims.mdm,0,
mdm,party_sub_type,FABRIC_REF,alpha.public,0,
mdm,party_successor,DATA,crims.mdm,0,
mdm,party_tax_residency,DATA,crims.mdm,0,
mdm,party_type,FABRIC_REF,alpha.public,0,
mdm,party_ubo,DATA,crims.mdm,0,
mdm,pep_screening,DATA,crims.mdm,0,
mdm,price,DATA,crims.mdm,2,
mdm,price_challenge,DATA,crims.mdm,0,
mdm,price_change_request,DATA,crims.mdm,0,
mdm,price_dq_rule,FABRIC_RULE,alpha.public,0,
mdm,price_exception,DATA,crims.mdm,0,
mdm,price_feed_health,DATA,crims.mdm,0,
mdm,price_feed_schedule,FABRIC_RULE,crims.mdm,0,
mdm,price_field_mapping,FABRIC_RULE,crims.mdm,0,
mdm,price_golden_distribution,DATA,crims.mdm,0,
mdm,price_golden_field,DATA,crims.mdm,0,
mdm,price_golden_publication,DATA,crims.mdm,1,
mdm,price_golden_record,DATA,crims.mdm,2,
mdm,price_history,DATA,crims.mdm,0,
mdm,price_match_candidate,DATA,crims.mdm,0,
mdm,price_match_rule,FABRIC_RULE,crims.mdm,1,
mdm,price_merge_log,DATA,crims.mdm,0,
mdm,price_observation_type,FABRIC_REF,crims.mdm,2,
mdm,price_quality_tier,FABRIC_REF,crims.mdm,5,
mdm,price_reconciliation,DATA,crims.mdm,1,
mdm,price_reconciliation_result,DATA,crims.mdm,0,
mdm,price_series,DATA,crims.mdm,0,
mdm,price_source,FABRIC_REF,crims.mdm,21,
mdm,price_source_alias,DATA,crims.mdm,0,
mdm,price_source_priority,FABRIC_RULE,crims.mdm,0,
mdm,price_stale_event,DATA,crims.mdm,0,
mdm,price_steward,DATA,crims.mdm,0,
mdm,price_survivorship_log,DATA,crims.mdm,0,
mdm,price_survivorship_rule,FABRIC_RULE,crims.mdm,1,
mdm,price_type,FABRIC_REF,crims.mdm,2,
mdm,price_type_mapping,FABRIC_RULE,crims.mdm,0,
mdm,price_variance_event,DATA,crims.mdm,0,
mdm,price_variance_threshold,FABRIC_REF,crims.mdm,1,
mdm,price_vendor_symbol,DATA,crims.mdm,0,
mdm,product,DATA,crims.mdm,26,
mdm,product_benchmark,DATA,crims.mdm,0,
mdm,product_category,FABRIC_REF,crims.mdm,2,
mdm,product_change_request,DATA,crims.mdm,0,
mdm,product_distribution,DATA,crims.mdm,0,
mdm,product_distribution_channel,FABRIC_REF,crims.mdm,1,
mdm,product_document,DATA,crims.mdm,2,
mdm,product_document_type,FABRIC_REF,crims.mdm,1,
mdm,product_dq_rule,FABRIC_RULE,alpha.public,0,
mdm,product_eligibility,DATA,crims.mdm,0,
mdm,product_exception,DATA,crims.mdm,0,
mdm,product_fee_schedule,DATA,crims.mdm,0,
mdm,product_feed_health,DATA,crims.mdm,0,
mdm,product_feed_schedule,FABRIC_RULE,crims.mdm,0,
mdm,product_field_mapping,FABRIC_RULE,crims.mdm,0,
mdm,product_golden_field,DATA,crims.mdm,0,
mdm,product_golden_record,DATA,crims.mdm,1,
mdm,product_identifier,DATA,crims.mdm,0,
mdm,product_lifecycle_event,DATA,crims.mdm,0,
mdm,product_lifecycle_event_type,FABRIC_REF,crims.mdm,1,
mdm,product_match_candidate,DATA,crims.mdm,0,
mdm,product_match_rule,FABRIC_RULE,crims.mdm,1,
mdm,product_merge_log,DATA,crims.mdm,0,
mdm,product_platform,DATA,crims.mdm,0,
mdm,product_registration,DATA,crims.mdm,0,
mdm,product_registration_type,FABRIC_REF,crims.mdm,1,
mdm,product_security,DATA,crims.mdm,0,
mdm,product_share_class,DATA,crims.mdm,1,
mdm,product_share_class_fee,DATA,crims.mdm,0,
mdm,product_share_class_type,FABRIC_REF,alpha.public,0,
mdm,product_source_priority,FABRIC_RULE,crims.mdm,0,
mdm,product_status,FABRIC_REF,crims.mdm,1,
mdm,product_steward,DATA,crims.mdm,0,
mdm,product_strategy,DATA,crims.mdm,0,
mdm,product_sub_type,FABRIC_REF,alpha.public,0,
mdm,product_survivorship_log,DATA,crims.mdm,0,
mdm,product_survivorship_rule,FABRIC_RULE,crims.mdm,1,
mdm,product_target_market,DATA,crims.mdm,0,
mdm,product_target_market_type,FABRIC_REF,alpha.public,0,
mdm,product_type,FABRIC_REF,crims.mdm,1,
mdm,product_type_mapping,FABRIC_RULE,crims.mdm,0,
mdm,product_vehicle,DATA,crims.mdm,0,
mdm,rating,DATA,crims.mdm,6,
mdm,rating_action,DATA,crims.mdm,0,
mdm,rating_action_type,FABRIC_REF,crims.mdm,1,
mdm,rating_agency,FABRIC_REF,crims.mdm,6,
mdm,rating_bank,DATA,crims.mdm,0,
mdm,rating_default,DATA,crims.mdm,0,
mdm,rating_fund,DATA,crims.mdm,0,
mdm,rating_insurance,DATA,crims.mdm,0,
mdm,rating_internal,DATA,crims.mdm,0,
mdm,rating_outlook,FABRIC_REF,crims.mdm,5,
mdm,rating_proprietary,DATA,crims.mdm,0,
mdm,rating_scale,FABRIC_REF,crims.mdm,1,
mdm,rating_scale_map,DATA,crims.mdm,0,
mdm,rating_type,FABRIC_REF,crims.mdm,1,
mdm,rating_watch,FABRIC_REF,crims.mdm,2,
mdm,recon_breaks,DATA,crims.mdm,0,
mdm,recon_operations_config,DATA,crims.mdm,0,
mdm,recon_operations_runs,DATA,crims.mdm,0,
mdm,recon_statement_batches,DATA,crims.mdm,1,
mdm,risk_rating,DROP,DROPPED,1,
mdm,rolling_convention,FABRIC_REF,crims.mdm,1,
mdm,sanctions_hit,DATA,crims.mdm,0,
mdm,sanctions_list_source,FABRIC_REF,crims.mdm,2,
mdm,sanctions_screening,DATA,crims.mdm,1,
mdm,schema_drift_notifications,DROP,DROPPED,0,
mdm,settlement_calendar,FABRIC_REF,crims.mdm,1,
mdm,settlement_rule,DATA,crims.mdm,1,
mdm,settlement_rule_calendar,DATA,crims.mdm,0,
mdm,source_of_wealth_type,FABRIC_REF,alpha.public,0,
mdm,source_systems,FABRIC_REF,crims.mdm,35,
mdm,source_versions,DROP,DROPPED,0,
mdm,sources,FABRIC_REF,alpha.public,2,
mdm,time_zone,FABRIC_REF,crims.mdm,10,
mdm,us_equities_master,DROP,DROPPED,0,
mdm,valuation_input,DATA,crims.mdm,0,
mdm,valuation_model,DATA,crims.mdm,1,
mdm,valuation_sensitivity,DATA,crims.mdm,0,
mdm,vol_surface,DATA,crims.mdm,1,
mdm,vol_surface_point,DATA,crims.mdm,0,
oms,account,DROP_SUPERSEDED_BY_CRIMS_ORM,DROPPED,0,
oms,allocation,DROP_SUPERSEDED_BY_CRIMS_ORM,DROPPED,0,
oms,execution,DROP_SUPERSEDED_BY_CRIMS_ORM,DROPPED,0,
oms,migration_log,METADATA,alpha.oms,0,
oms,order_event,DROP_SUPERSEDED_BY_CRIMS_ORM,DROPPED,0,
oms,order_link,DROP_SUPERSEDED_BY_CRIMS_ORM,DROPPED,0,
oms,order_slice,DROP_SUPERSEDED_BY_CRIMS_ORM,DROPPED,0,
oms,orders,DROP_SUPERSEDED_BY_CRIMS_ORM,DROPPED,0,
oms,position,DROP_SUPERSEDED_BY_CRIMS_ORM,DROPPED,0,
oms,position_lots,DROP_SUPERSEDED_BY_CRIMS_ORM,DROPPED,0,
oms,security,DROP_SUPERSEDED_BY_CRIMS_ORM,DROPPED,0,
oms,settlement,DROP_SUPERSEDED_BY_CRIMS_ORM,DROPPED,0,
oms,subtype_registry,METADATA,alpha.oms,0,
oms,trade_order,DROP_SUPERSEDED_BY_CRIMS_ORM,DROPPED,0,
edm,async_jobs,INFRA_KEEP_ALPHA,alpha.edm,0,
edm,benchmark_master,DATA,crims.mdm,18,
edm,bp_team_instance_roles,INFRA_KEEP_ALPHA,alpha.edm,0,
edm,cash_balance_master,DATA,crims.mdm,0,
edm,cash_flow_trace,LINEAGE_TBD,alpha.edm,0,
edm,cash_gold_trace,LINEAGE_TBD,alpha.edm,0,
edm,cash_ledger,DATA,crims.mdm,0,
edm,cash_position_master,DATA,crims.mdm,0,
edm,compliance_breach,DATA,crims.mdm,0,
edm,compliance_evaluation,DATA,crims.mdm,0,
edm,compliance_lineage,LINEAGE_TBD,alpha.edm,0,
edm,compliance_rule,DATA,crims.mdm,0,
edm,compliance_rule_master,DATA,crims.mdm,0,
edm,curve_master,DATA,crims.mdm,3,
edm,derivative_attributes,DATA,crims.mdm,0,
edm,dq_rules,DATA,crims.mdm,0,
edm,effective_permissions_artifacts,INFRA_KEEP_ALPHA,alpha.edm,0,
edm,equity_attributes,DATA,crims.mdm,0,
edm,etl_run,INFRA_KEEP_ALPHA,alpha.edm,0,
edm,exception_history,DATA,crims.mdm,0,
edm,fixed_income_attributes,DATA,crims.mdm,0,
edm,fund_attributes,DATA,crims.mdm,0,
edm,fx_rate_master,DATA,crims.mdm,0,
edm,gold_copy_lineage,LINEAGE_TBD,alpha.edm,0,
edm,issuer_master,DATA,crims.mdm,0,
edm,job_exports,INFRA_KEEP_ALPHA,alpha.edm,0,
edm,job_items,INFRA_KEEP_ALPHA,alpha.edm,0,
edm,mandate_master,DATA,crims.mdm,0,
edm,mdm_calendar_golden,DATA,crims.mdm,0,
edm,mdm_calendar_lineage,LINEAGE_TBD,alpha.edm,0,
edm,mdm_calendar_source,DATA,crims.mdm,0,
edm,mdm_ingestion_jobs,DATA,crims.mdm,0,
edm,mdm_source_registry,DATA,crims.mdm,0,
edm,mdm_stewardship_queue,DATA,crims.mdm,0,
edm,mdm_survivorship_policies,DATA,crims.mdm,0,
edm,performance_settings,INFRA_KEEP_ALPHA,alpha.edm,0,
edm,portfolio_golden,DATA,crims.mdm,0,
edm,portfolio_hierarchy,DATA,crims.mdm,0,
edm,portfolio_master,DATA,crims.mdm,0,
edm,portfolio_risk,DATA,crims.mdm,0,
edm,portfolio_source,DATA,crims.mdm,0,
edm,position_gold_trace,LINEAGE_TBD,alpha.edm,0,
edm,position_lot_master,DATA,crims.mdm,0,
edm,position_master,DATA,crims.mdm,0,
edm,position_snapshot_master,DATA,crims.mdm,0,
edm,preference_versions,INFRA_KEEP_ALPHA,alpha.edm,0,
edm,price_gold_trace,LINEAGE_TBD,alpha.edm,0,
edm,price_master,DATA,crims.mdm,0,
edm,quality_results,DATA,crims.mdm,0,
edm,quality_rules,DATA,crims.mdm,0,
edm,risk_factor,DATA,crims.mdm,0,
edm,risk_scenario,DATA,crims.mdm,0,
edm,risk_scenario_result,DATA,crims.mdm,0,
edm,rule_lineage,LINEAGE_TBD,alpha.edm,0,
edm,scenario_lineage,LINEAGE_TBD,alpha.edm,0,
edm,scheduled_job_runs,INFRA_KEEP_ALPHA,alpha.edm,0,
edm,scheduled_jobs,INFRA_KEEP_ALPHA,alpha.edm,0,
edm,security_factor_exposure,DATA,crims.mdm,0,
edm,security_gold_trace,LINEAGE_TBD,alpha.edm,0,
edm,security_master,DATA,crims.mdm,0,
edm,source_analytics,DATA,crims.mdm,0,
edm,source_exceptions,DATA,crims.mdm,0,
edm,source_preferences,DATA,crims.mdm,0,
edm,source_registry,DATA,crims.mdm,0,
edm,strategy_master,DATA,crims.mdm,0,
edm,survivorship_rules,DATA,crims.mdm,0,
edm,transaction_cash_mapping,DATA,crims.mdm,0,
edm,transaction_flow_trace,LINEAGE_TBD,alpha.edm,0,
edm,transaction_gold_trace,LINEAGE_TBD,alpha.edm,0,
edm,transaction_master,DATA,crims.mdm,0,
edm,vol_surface_master,DATA,crims.mdm,0,
edm,wasm_module_version,INFRA_KEEP_ALPHA,alpha.edm,0,
crims.mdm(existing),attribute_def,EXISTING,crims.mdm,0,pre-existing
crims.mdm(existing),attribute_value,EXISTING,crims.mdm,0,pre-existing
crims.mdm(existing),audit_log,EXISTING,crims.mdm,0,pre-existing
crims.mdm(existing),business_day_convention,EXISTING,crims.mdm,0,pre-existing
crims.mdm(existing),change_request,EXISTING,crims.mdm,0,pre-existing
crims.mdm(existing),classification_scheme,EXISTING,crims.mdm,0,pre-existing
crims.mdm(existing),classification_scheme_map,EXISTING,crims.mdm,0,pre-existing
crims.mdm(existing),day_count_convention,EXISTING,crims.mdm,0,pre-existing
crims.mdm(existing),dq_issue,EXISTING,crims.mdm,0,pre-existing
crims.mdm(existing),dq_rule,EXISTING,crims.mdm,0,pre-existing
crims.mdm(existing),dq_score,EXISTING,crims.mdm,0,pre-existing
crims.mdm(existing),entity_relationship,EXISTING,crims.mdm,0,pre-existing
crims.mdm(existing),hierarchy,EXISTING,crims.mdm,0,pre-existing
crims.mdm(existing),hierarchy_closure,EXISTING,crims.mdm,0,pre-existing
crims.mdm(existing),issuer_change_request,EXISTING,crims.mdm,0,pre-existing
crims.mdm(existing),issuer_exception,EXISTING,crims.mdm,0,pre-existing
crims.mdm(existing),issuer_field_mapping,EXISTING,crims.mdm,0,pre-existing
crims.mdm(existing),issuer_golden_distribution,EXISTING,crims.mdm,0,pre-existing
crims.mdm(existing),issuer_golden_field,EXISTING,crims.mdm,0,pre-existing
crims.mdm(existing),issuer_golden_publication,EXISTING,crims.mdm,0,pre-existing
crims.mdm(existing),issuer_golden_record,EXISTING,crims.mdm,0,pre-existing
crims.mdm(existing),issuer_hierarchy_review,EXISTING,crims.mdm,0,pre-existing
crims.mdm(existing),issuer_hierarchy_rule,EXISTING,crims.mdm,0,pre-existing
crims.mdm(existing),issuer_identifier_authority,EXISTING,crims.mdm,0,pre-existing
crims.mdm(existing),issuer_match_candidate,EXISTING,crims.mdm,0,pre-existing
crims.mdm(existing),issuer_match_rule,EXISTING,crims.mdm,0,pre-existing
crims.mdm(existing),issuer_merge_log,EXISTING,crims.mdm,0,pre-existing
crims.mdm(existing),issuer_reconciliation,EXISTING,crims.mdm,0,pre-existing
crims.mdm(existing),issuer_reconciliation_result,EXISTING,crims.mdm,0,pre-existing
crims.mdm(existing),issuer_split_log,EXISTING,crims.mdm,0,pre-existing
crims.mdm(existing),issuer_steward,EXISTING,crims.mdm,0,pre-existing
crims.mdm(existing),issuer_survivorship_log,EXISTING,crims.mdm,0,pre-existing
crims.mdm(existing),issuer_survivorship_rule,EXISTING,crims.mdm,0,pre-existing
crims.mdm(existing),issuer_type_mapping,EXISTING,crims.mdm,0,pre-existing
crims.mdm(existing),mandate,EXISTING,crims.mdm,0,pre-existing
crims.mdm(existing),mandate_restriction,EXISTING,crims.mdm,0,pre-existing
crims.mdm(existing),match_candidate,EXISTING,crims.mdm,0,pre-existing
crims.mdm(existing),match_rule,EXISTING,crims.mdm,0,pre-existing
crims.mdm(existing),merge_log,EXISTING,crims.mdm,0,pre-existing
crims.mdm(existing),party,EXISTING,crims.mdm,0,COLLISION
crims.mdm(existing),payment_frequency,EXISTING,crims.mdm,0,pre-existing
crims.mdm(existing),portfolio,EXISTING,crims.mdm,0,pre-existing
crims.mdm(existing),portfolio_account,EXISTING,crims.mdm,0,pre-existing
crims.mdm(existing),portfolio_composite,EXISTING,crims.mdm,0,pre-existing
crims.mdm(existing),portfolio_target,EXISTING,crims.mdm,0,pre-existing
crims.mdm(existing),rating_scale,EXISTING,crims.mdm,0,COLLISION
crims.mdm(existing),record_version,EXISTING,crims.mdm,0,pre-existing
crims.mdm(existing),security_asset_class,EXISTING,crims.mdm,0,pre-existing
crims.mdm(existing),security_asset_class_routing,EXISTING,crims.mdm,0,pre-existing
crims.mdm(existing),security_ca_linkage,EXISTING,crims.mdm,0,pre-existing
crims.mdm(existing),security_change_request,EXISTING,crims.mdm,0,pre-existing
crims.mdm(existing),security_exception,EXISTING,crims.mdm,0,pre-existing
crims.mdm(existing),security_feed_health,EXISTING,crims.mdm,0,pre-existing
crims.mdm(existing),security_feed_schedule,EXISTING,crims.mdm,0,pre-existing
crims.mdm(existing),security_field_mapping,EXISTING,crims.mdm,0,pre-existing
crims.mdm(existing),security_field_transform,EXISTING,crims.mdm,0,pre-existing
crims.mdm(existing),security_golden_distribution,EXISTING,crims.mdm,0,pre-existing
crims.mdm(existing),security_golden_field,EXISTING,crims.mdm,0,pre-existing
crims.mdm(existing),security_golden_publication,EXISTING,crims.mdm,0,pre-existing
crims.mdm(existing),security_golden_record,EXISTING,crims.mdm,0,pre-existing
crims.mdm(existing),security_identifier_authority,EXISTING,crims.mdm,0,pre-existing
crims.mdm(existing),security_identifier_conflict,EXISTING,crims.mdm,0,pre-existing
crims.mdm(existing),security_identifier_issuance,EXISTING,crims.mdm,0,pre-existing
crims.mdm(existing),security_match_candidate,EXISTING,crims.mdm,0,pre-existing
crims.mdm(existing),security_match_rule,EXISTING,crims.mdm,0,pre-existing
crims.mdm(existing),security_merge_log,EXISTING,crims.mdm,0,pre-existing
crims.mdm(existing),security_reconciliation,EXISTING,crims.mdm,0,pre-existing
crims.mdm(existing),security_reconciliation_result,EXISTING,crims.mdm,0,pre-existing
crims.mdm(existing),security_source_priority,EXISTING,crims.mdm,0,pre-existing
crims.mdm(existing),security_split_log,EXISTING,crims.mdm,0,pre-existing
crims.mdm(existing),security_status_authority,EXISTING,crims.mdm,0,pre-existing
crims.mdm(existing),security_steward,EXISTING,crims.mdm,0,pre-existing
crims.mdm(existing),security_survivorship_log,EXISTING,crims.mdm,0,pre-existing
crims.mdm(existing),security_survivorship_rule,EXISTING,crims.mdm,0,pre-existing
crims.mdm(existing),security_term_extraction_field,EXISTING,crims.mdm,0,pre-existing
crims.mdm(existing),security_term_extraction_job,EXISTING,crims.mdm,0,pre-existing
crims.mdm(existing),security_term_sheet,EXISTING,crims.mdm,0,pre-existing
crims.mdm(existing),security_type,EXISTING,crims.mdm,0,pre-existing
crims.mdm(existing),security_type_mapping,EXISTING,crims.mdm,0,pre-existing
crims.mdm(existing),source_system,EXISTING,crims.mdm,0,pre-existing
crims.mdm(existing),steward,EXISTING,crims.mdm,0,pre-existing
crims.mdm(existing),survivorship_rule,EXISTING,crims.mdm,0,pre-existing
crims.mdm(existing),xref,EXISTING,crims.mdm,0,pre-existing
