fk_amc_party	mdm.adverse_media_check	mdm.party	FOREIGN KEY (party_id) REFERENCES mdm.party(id) ON DELETE CASCADE
fk_bcr_bm	mdm.benchmark_change_request	mdm.benchmark_master	FOREIGN KEY (benchmark_id) REFERENCES mdm.benchmark_master(id)
fk_bex_bm	mdm.benchmark_exception	mdm.benchmark_master	FOREIGN KEY (benchmark_id) REFERENCES mdm.benchmark_master(id)
fk_bex_source	mdm.benchmark_exception	mdm.source_systems	FOREIGN KEY (source_system_id) REFERENCES mdm.source_systems(id)
fk_bfh_source	mdm.benchmark_feed_health	mdm.source_systems	FOREIGN KEY (source_system_id) REFERENCES mdm.source_systems(id)
fk_bfs_source	mdm.benchmark_feed_schedule	mdm.source_systems	FOREIGN KEY (source_system_id) REFERENCES mdm.source_systems(id)
fk_bfm_source	mdm.benchmark_field_mapping	mdm.source_systems	FOREIGN KEY (source_system_id) REFERENCES mdm.source_systems(id)
fk_bgd_pub	mdm.benchmark_golden_distribution	mdm.benchmark_golden_publication	FOREIGN KEY (publication_id) REFERENCES mdm.benchmark_golden_publication(id)
fk_bgd_record	mdm.benchmark_golden_distribution	mdm.benchmark_golden_record	FOREIGN KEY (golden_record_id) REFERENCES mdm.benchmark_golden_record(id)
fk_bgd_target	mdm.benchmark_golden_distribution	mdm.source_systems	FOREIGN KEY (target_system_id) REFERENCES mdm.source_systems(id)
fk_bgf_record	mdm.benchmark_golden_field	mdm.benchmark_golden_record	FOREIGN KEY (golden_record_id) REFERENCES mdm.benchmark_golden_record(id) ON DELETE CASCADE
fk_bgf_source	mdm.benchmark_golden_field	mdm.source_systems	FOREIGN KEY (source_system_id) REFERENCES mdm.source_systems(id)
fk_bgr_benchmark	mdm.benchmark_golden_record	mdm.benchmark_master	FOREIGN KEY (benchmark_id) REFERENCES mdm.benchmark_master(id)
fk_bh_child	mdm.benchmark_hierarchy	mdm.benchmark_master	FOREIGN KEY (child_benchmark_id) REFERENCES mdm.benchmark_master(id) ON DELETE CASCADE
fk_bh_parent	mdm.benchmark_hierarchy	mdm.benchmark_master	FOREIGN KEY (parent_benchmark_id) REFERENCES mdm.benchmark_master(id) ON DELETE CASCADE
fk_bhc_anc	mdm.benchmark_hierarchy_closure	mdm.benchmark_master	FOREIGN KEY (ancestor_benchmark_id) REFERENCES mdm.benchmark_master(id) ON DELETE CASCADE
fk_bhc_desc	mdm.benchmark_hierarchy_closure	mdm.benchmark_master	FOREIGN KEY (descendant_benchmark_id) REFERENCES mdm.benchmark_master(id) ON DELETE CASCADE
fk_bid_benchmark	mdm.benchmark_identifier	mdm.benchmark_master	FOREIGN KEY (benchmark_id) REFERENCES mdm.benchmark_master(id) ON DELETE CASCADE
fk_bm_currency_var	mdm.benchmark_master	mdm.benchmark_currency_variant	FOREIGN KEY (currency_variant_id) REFERENCES mdm.benchmark_currency_variant(id)
fk_bm_merged	mdm.benchmark_master	mdm.benchmark_master	FOREIGN KEY (merged_into_id) REFERENCES mdm.benchmark_master(id)
fk_bm_provider	mdm.benchmark_master	mdm.benchmark_provider	FOREIGN KEY (provider_id) REFERENCES mdm.benchmark_provider(id)
fk_bm_rebal_freq	mdm.benchmark_master	mdm.benchmark_rebalance_frequency	FOREIGN KEY (rebalance_frequency_id) REFERENCES mdm.benchmark_rebalance_frequency(id)
fk_bm_return_var	mdm.benchmark_master	mdm.benchmark_return_variant	FOREIGN KEY (return_variant_id) REFERENCES mdm.benchmark_return_variant(id)
fk_bm_source	mdm.benchmark_master	mdm.source_systems	FOREIGN KEY (source_system_id) REFERENCES mdm.source_systems(id)
fk_bm_successor	mdm.benchmark_master	mdm.benchmark_master	FOREIGN KEY (successor_benchmark_id) REFERENCES mdm.benchmark_master(id)
fk_bm_type	mdm.benchmark_master	mdm.benchmark_type	FOREIGN KEY (benchmark_type_id) REFERENCES mdm.benchmark_type(id)
fk_bm_weight_method	mdm.benchmark_master	mdm.benchmark_weighting_method	FOREIGN KEY (weighting_method_id) REFERENCES mdm.benchmark_weighting_method(id)
fk_bmc_a	mdm.benchmark_match_candidate	mdm.benchmark_master	FOREIGN KEY (benchmark_id_a) REFERENCES mdm.benchmark_master(id)
fk_bmc_b	mdm.benchmark_match_candidate	mdm.benchmark_master	FOREIGN KEY (benchmark_id_b) REFERENCES mdm.benchmark_master(id)
fk_bmc_rule	mdm.benchmark_match_candidate	mdm.benchmark_match_rule	FOREIGN KEY (match_rule_id) REFERENCES mdm.benchmark_match_rule(id)
fk_bml_merged	mdm.benchmark_merge_log	mdm.benchmark_master	FOREIGN KEY (merged_benchmark_id) REFERENCES mdm.benchmark_master(id)
fk_bml_surv	mdm.benchmark_merge_log	mdm.benchmark_master	FOREIGN KEY (surviving_benchmark_id) REFERENCES mdm.benchmark_master(id)
fk_bp_parent	mdm.benchmark_provider	mdm.benchmark_provider	FOREIGN KEY (parent_provider_id) REFERENCES mdm.benchmark_provider(id)
fk_brec_src_a	mdm.benchmark_reconciliation	mdm.source_systems	FOREIGN KEY (source_system_id_a) REFERENCES mdm.source_systems(id)
fk_brec_src_b	mdm.benchmark_reconciliation	mdm.source_systems	FOREIGN KEY (source_system_id_b) REFERENCES mdm.source_systems(id)
fk_brr_bm	mdm.benchmark_reconciliation_result	mdm.benchmark_master	FOREIGN KEY (benchmark_id) REFERENCES mdm.benchmark_master(id)
fk_brr_rec	mdm.benchmark_reconciliation_result	mdm.benchmark_reconciliation	FOREIGN KEY (reconciliation_id) REFERENCES mdm.benchmark_reconciliation(id) ON DELETE CASCADE
fk_bsp_source	mdm.benchmark_source_priority	mdm.source_systems	FOREIGN KEY (source_system_id) REFERENCES mdm.source_systems(id)
fk_bst_provider	mdm.benchmark_steward	mdm.benchmark_provider	FOREIGN KEY (provider_id) REFERENCES mdm.benchmark_provider(id)
fk_bsl_benchmark	mdm.benchmark_survivorship_log	mdm.benchmark_master	FOREIGN KEY (benchmark_id) REFERENCES mdm.benchmark_master(id)
fk_bsl_rule	mdm.benchmark_survivorship_log	mdm.benchmark_survivorship_rule	FOREIGN KEY (rule_id) REFERENCES mdm.benchmark_survivorship_rule(id)
fk_btm_source	mdm.benchmark_type_mapping	mdm.source_systems	FOREIGN KEY (source_system_id) REFERENCES mdm.source_systems(id)
fk_btm_type	mdm.benchmark_type_mapping	mdm.benchmark_type	FOREIGN KEY (internal_type_id) REFERENCES mdm.benchmark_type(id)
fk_caai_meeting	mdm.ca_agenda_item	mdm.ca_meeting	FOREIGN KEY (meeting_id) REFERENCES mdm.ca_meeting(id) ON DELETE CASCADE
fk_cabc_ca	mdm.ca_bond_call	mdm.ca_event	FOREIGN KEY (ca_event_id) REFERENCES mdm.ca_event(id)
fk_cabp_ca	mdm.ca_bond_put	mdm.ca_event	FOREIGN KEY (ca_event_id) REFERENCES mdm.ca_event(id)
fk_cacc_ca	mdm.ca_cash_component	mdm.ca_event	FOREIGN KEY (ca_event_id) REFERENCES mdm.ca_event(id) ON DELETE CASCADE
fk_cacc_ptype	mdm.ca_cash_component	mdm.ca_payment_type	FOREIGN KEY (payment_type_id) REFERENCES mdm.ca_payment_type(id)
fk_cacr_ca	mdm.ca_change_request	mdm.ca_event	FOREIGN KEY (ca_event_id) REFERENCES mdm.ca_event(id)
fk_cacons_ca	mdm.ca_consent_solicitation	mdm.ca_event	FOREIGN KEY (ca_event_id) REFERENCES mdm.ca_event(id) ON DELETE CASCADE
fk_caconv_ca	mdm.ca_conversion	mdm.ca_event	FOREIGN KEY (ca_event_id) REFERENCES mdm.ca_event(id)
fk_cade_ca	mdm.ca_default_event	mdm.ca_event	FOREIGN KEY (ca_event_id) REFERENCES mdm.ca_event(id)
fk_cade_issuer	mdm.ca_default_event	edm.issuer_master	FOREIGN KEY (issuer_id) REFERENCES edm.issuer_master(id)
fk_caed_ca	mdm.ca_election_deadline	mdm.ca_event	FOREIGN KEY (ca_event_id) REFERENCES mdm.ca_event(id) ON DELETE CASCADE
fk_caed_tz	mdm.ca_election_deadline	mdm.time_zone	FOREIGN KEY (deadline_timezone_id) REFERENCES mdm.time_zone(id)
fk_caei_ca	mdm.ca_election_instruction	mdm.ca_event	FOREIGN KEY (ca_event_id) REFERENCES mdm.ca_event(id) ON DELETE CASCADE
fk_caei_option	mdm.ca_election_instruction	mdm.ca_election_option	FOREIGN KEY (election_option_id) REFERENCES mdm.ca_election_option(id)
fk_caeo_ca	mdm.ca_election_option	mdm.ca_event	FOREIGN KEY (ca_event_id) REFERENCES mdm.ca_event(id) ON DELETE CASCADE
fk_caeo_etype	mdm.ca_election_option	mdm.ca_election_type	FOREIGN KEY (election_type_id) REFERENCES mdm.ca_election_type(id)
fk_cae_etype	mdm.ca_event	mdm.ca_event_type	FOREIGN KEY (event_type_id) REFERENCES mdm.ca_event_type(id)
fk_cae_issuer	mdm.ca_event	edm.issuer_master	FOREIGN KEY (issuer_id) REFERENCES edm.issuer_master(id)
fk_cae_merged	mdm.ca_event	mdm.ca_event	FOREIGN KEY (merged_into_id) REFERENCES mdm.ca_event(id)
fk_cae_mtype	mdm.ca_event	mdm.ca_mandatory_type	FOREIGN KEY (mandatory_type_id) REFERENCES mdm.ca_mandatory_type(id)
fk_cae_parent	mdm.ca_event	mdm.ca_event	FOREIGN KEY (parent_ca_id) REFERENCES mdm.ca_event(id)
fk_cae_source	mdm.ca_event	mdm.source_systems	FOREIGN KEY (source_system_id) REFERENCES mdm.source_systems(id)
fk_cae_status	mdm.ca_event	mdm.ca_status	FOREIGN KEY (status_id) REFERENCES mdm.ca_status(id)
fk_cae_superseded	mdm.ca_event	mdm.ca_event	FOREIGN KEY (superseded_by_id) REFERENCES mdm.ca_event(id)
fk_cae_supersedes	mdm.ca_event	mdm.ca_event	FOREIGN KEY (supersedes_id) REFERENCES mdm.ca_event(id)
fk_cae_tz	mdm.ca_event	mdm.time_zone	FOREIGN KEY (election_deadline_timezone_id) REFERENCES mdm.time_zone(id)
fk_caex_ca	mdm.ca_exception	mdm.ca_event	FOREIGN KEY (ca_event_id) REFERENCES mdm.ca_event(id)
fk_caex_source	mdm.ca_exception	mdm.source_systems	FOREIGN KEY (source_system_id) REFERENCES mdm.source_systems(id)
fk_cafm_source	mdm.ca_field_mapping	mdm.source_systems	FOREIGN KEY (mdm_source_system_id) REFERENCES mdm.source_systems(id)
fk_cafd_ca	mdm.ca_fund_distribution	mdm.ca_event	FOREIGN KEY (ca_event_id) REFERENCES mdm.ca_event(id) ON DELETE CASCADE
fk_cafl_ca	mdm.ca_fund_liquidation	mdm.ca_event	FOREIGN KEY (ca_event_id) REFERENCES mdm.ca_event(id) ON DELETE CASCADE
fk_cafr_ca	mdm.ca_fund_reorganization	mdm.ca_event	FOREIGN KEY (ca_event_id) REFERENCES mdm.ca_event(id) ON DELETE CASCADE
fk_cagf_record	mdm.ca_golden_field	mdm.ca_golden_record	FOREIGN KEY (golden_record_id) REFERENCES mdm.ca_golden_record(id) ON DELETE CASCADE
fk_cagf_source	mdm.ca_golden_field	mdm.source_systems	FOREIGN KEY (source_system_id) REFERENCES mdm.source_systems(id)
fk_cagr_ca	mdm.ca_golden_record	mdm.ca_event	FOREIGN KEY (ca_event_id) REFERENCES mdm.ca_event(id)
fk_cai_ca	mdm.ca_identifier	mdm.ca_event	FOREIGN KEY (ca_event_id) REFERENCES mdm.ca_event(id) ON DELETE CASCADE
fk_calcr_calendar	mdm.calendar_change_request	mdm.calendar_master	FOREIGN KEY (calendar_id) REFERENCES mdm.calendar_master(id)
fk_calclass_calendar	mdm.calendar_classification	mdm.calendar_master	FOREIGN KEY (calendar_id) REFERENCES mdm.calendar_master(id) ON DELETE CASCADE
fk_cday_calendar	mdm.calendar_day	mdm.calendar_master	FOREIGN KEY (calendar_id) REFERENCES mdm.calendar_master(id) ON DELETE CASCADE
fk_cday_holiday	mdm.calendar_day	mdm.holiday_definition	FOREIGN KEY (primary_holiday_id) REFERENCES mdm.holiday_definition(id)
fk_calex_calendar	mdm.calendar_exception	mdm.calendar_master	FOREIGN KEY (calendar_id) REFERENCES mdm.calendar_master(id)
fk_calex_source	mdm.calendar_exception	mdm.calendar_source	FOREIGN KEY (calendar_source_id) REFERENCES mdm.calendar_source(id)
fk_calfm_source	mdm.calendar_field_mapping	mdm.source_systems	FOREIGN KEY (mdm_source_system_id) REFERENCES mdm.source_systems(id)
fk_calgf_record	mdm.calendar_golden_field	mdm.calendar_golden_record	FOREIGN KEY (golden_record_id) REFERENCES mdm.calendar_golden_record(id) ON DELETE CASCADE
fk_calgf_source	mdm.calendar_golden_field	mdm.calendar_source	FOREIGN KEY (calendar_source_id) REFERENCES mdm.calendar_source(id)
fk_calgr_calendar	mdm.calendar_golden_record	mdm.calendar_master	FOREIGN KEY (calendar_id) REFERENCES mdm.calendar_master(id)
fk_calh_child	mdm.calendar_hierarchy	mdm.calendar_master	FOREIGN KEY (child_calendar_id) REFERENCES mdm.calendar_master(id) ON DELETE CASCADE
fk_calh_parent	mdm.calendar_hierarchy	mdm.calendar_master	FOREIGN KEY (parent_calendar_id) REFERENCES mdm.calendar_master(id) ON DELETE CASCADE
fk_calh_type	mdm.calendar_hierarchy	mdm.calendar_hierarchy_type	FOREIGN KEY (hierarchy_type_id) REFERENCES mdm.calendar_hierarchy_type(id)
fk_calhc_anc	mdm.calendar_hierarchy_closure	mdm.calendar_master	FOREIGN KEY (ancestor_calendar_id) REFERENCES mdm.calendar_master(id) ON DELETE CASCADE
fk_calhc_desc	mdm.calendar_hierarchy_closure	mdm.calendar_master	FOREIGN KEY (descendant_calendar_id) REFERENCES mdm.calendar_master(id) ON DELETE CASCADE
fk_cali_calendar	mdm.calendar_identifier	mdm.calendar_master	FOREIGN KEY (calendar_id) REFERENCES mdm.calendar_master(id) ON DELETE CASCADE
fk_cal_hier	mdm.calendar_master	mdm.calendar_hierarchy_type	FOREIGN KEY (hierarchy_type_id) REFERENCES mdm.calendar_hierarchy_type(id)
fk_cal_merged	mdm.calendar_master	mdm.calendar_master	FOREIGN KEY (merged_into_id) REFERENCES mdm.calendar_master(id)
fk_cal_parent	mdm.calendar_master	mdm.calendar_master	FOREIGN KEY (parent_calendar_id) REFERENCES mdm.calendar_master(id)
fk_cal_replaced	mdm.calendar_master	mdm.calendar_master	FOREIGN KEY (replaced_by_calendar_id) REFERENCES mdm.calendar_master(id)
fk_cal_src	mdm.calendar_master	mdm.calendar_source	FOREIGN KEY (primary_source_id) REFERENCES mdm.calendar_source(id)
fk_cal_srcsys	mdm.calendar_master	mdm.source_systems	FOREIGN KEY (source_system_id) REFERENCES mdm.source_systems(id)
fk_cal_type	mdm.calendar_master	mdm.calendar_type	FOREIGN KEY (calendar_type_id) REFERENCES mdm.calendar_type(id)
fk_cal_tz	mdm.calendar_master	mdm.time_zone	FOREIGN KEY (primary_time_zone_id) REFERENCES mdm.time_zone(id)
fk_calmc_a	mdm.calendar_match_candidate	mdm.calendar_master	FOREIGN KEY (calendar_id_a) REFERENCES mdm.calendar_master(id)
fk_calmc_b	mdm.calendar_match_candidate	mdm.calendar_master	FOREIGN KEY (calendar_id_b) REFERENCES mdm.calendar_master(id)
fk_calmc_rule	mdm.calendar_match_candidate	mdm.calendar_match_rule	FOREIGN KEY (match_rule_id) REFERENCES mdm.calendar_match_rule(id)
fk_calml_merged	mdm.calendar_merge_log	mdm.calendar_master	FOREIGN KEY (merged_calendar_id) REFERENCES mdm.calendar_master(id)
fk_calml_surv	mdm.calendar_merge_log	mdm.calendar_master	FOREIGN KEY (surviving_calendar_id) REFERENCES mdm.calendar_master(id)
fk_calrec_src_a	mdm.calendar_reconciliation	mdm.calendar_source	FOREIGN KEY (calendar_source_id_a) REFERENCES mdm.calendar_source(id)
fk_calrec_src_b	mdm.calendar_reconciliation	mdm.calendar_source	FOREIGN KEY (calendar_source_id_b) REFERENCES mdm.calendar_source(id)
fk_calrule_calendar	mdm.calendar_rule	mdm.calendar_master	FOREIGN KEY (calendar_id) REFERENCES mdm.calendar_master(id) ON DELETE CASCADE
fk_csess_day	mdm.calendar_session	mdm.calendar_day	FOREIGN KEY (calendar_day_id) REFERENCES mdm.calendar_day(id) ON DELETE CASCADE
fk_csess_tz	mdm.calendar_session	mdm.time_zone	FOREIGN KEY (time_zone_id) REFERENCES mdm.time_zone(id)
fk_calsrc_parent	mdm.calendar_source	mdm.calendar_source	FOREIGN KEY (parent_source_id) REFERENCES mdm.calendar_source(id)
fk_calsa_mdm	mdm.calendar_source_alias	mdm.source_systems	FOREIGN KEY (mdm_source_system_id) REFERENCES mdm.source_systems(id)
fk_calsa_source	mdm.calendar_source_alias	mdm.calendar_source	FOREIGN KEY (calendar_source_id) REFERENCES mdm.calendar_source(id)
fk_calsp_source	mdm.calendar_source_priority	mdm.calendar_source	FOREIGN KEY (calendar_source_id) REFERENCES mdm.calendar_source(id)
fk_cse_tz	mdm.calendar_special_event	mdm.time_zone	FOREIGN KEY (time_zone_id) REFERENCES mdm.time_zone(id)
fk_csei_calendar	mdm.calendar_special_event_impact	mdm.calendar_master	FOREIGN KEY (calendar_id) REFERENCES mdm.calendar_master(id)
fk_csei_event	mdm.calendar_special_event_impact	mdm.calendar_special_event	FOREIGN KEY (special_event_id) REFERENCES mdm.calendar_special_event(id) ON DELETE CASCADE
fk_calsl_calendar	mdm.calendar_survivorship_log	mdm.calendar_master	FOREIGN KEY (calendar_id) REFERENCES mdm.calendar_master(id)
fk_calsl_rule	mdm.calendar_survivorship_log	mdm.calendar_survivorship_rule	FOREIGN KEY (rule_id) REFERENCES mdm.calendar_survivorship_rule(id)
fk_caltm_source	mdm.calendar_type_mapping	mdm.source_systems	FOREIGN KEY (mdm_source_system_id) REFERENCES mdm.source_systems(id)
fk_camc_a	mdm.ca_match_candidate	mdm.ca_event	FOREIGN KEY (ca_event_id_a) REFERENCES mdm.ca_event(id)
fk_camc_b	mdm.ca_match_candidate	mdm.ca_event	FOREIGN KEY (ca_event_id_b) REFERENCES mdm.ca_event(id)
fk_camc_rule	mdm.ca_match_candidate	mdm.ca_match_rule	FOREIGN KEY (match_rule_id) REFERENCES mdm.ca_match_rule(id)
fk_cam_ca	mdm.ca_meeting	mdm.ca_event	FOREIGN KEY (ca_event_id) REFERENCES mdm.ca_event(id) ON DELETE CASCADE
fk_cam_issuer	mdm.ca_meeting	edm.issuer_master	FOREIGN KEY (issuer_id) REFERENCES edm.issuer_master(id)
fk_cam_tz	mdm.ca_meeting	mdm.time_zone	FOREIGN KEY (meeting_timezone_id) REFERENCES mdm.time_zone(id)
fk_cam_vtz	mdm.ca_meeting	mdm.time_zone	FOREIGN KEY (voting_deadline_timezone_id) REFERENCES mdm.time_zone(id)
fk_caml_merged	mdm.ca_merge_log	mdm.ca_event	FOREIGN KEY (merged_ca_id) REFERENCES mdm.ca_event(id)
fk_caml_surv	mdm.ca_merge_log	mdm.ca_event	FOREIGN KEY (surviving_ca_id) REFERENCES mdm.ca_event(id)
candidates_domain_id_fkey	mdm.candidates	mdm.domains	FOREIGN KEY (domain_id) REFERENCES mdm.domains(domain_id)
candidates_source_id_fkey	mdm.candidates	mdm.sources	FOREIGN KEY (source_id) REFERENCES mdm.sources(source_id)
fk_capv_item	mdm.ca_proxy_vote	mdm.ca_agenda_item	FOREIGN KEY (agenda_item_id) REFERENCES mdm.ca_agenda_item(id)
fk_capv_meeting	mdm.ca_proxy_vote	mdm.ca_meeting	FOREIGN KEY (meeting_id) REFERENCES mdm.ca_meeting(id) ON DELETE CASCADE
fk_carh_ca	mdm.ca_ratio_history	mdm.ca_event	FOREIGN KEY (ca_event_id) REFERENCES mdm.ca_event(id) ON DELETE CASCADE
fk_cas_ca	mdm.ca_security	mdm.ca_event	FOREIGN KEY (ca_event_id) REFERENCES mdm.ca_event(id) ON DELETE CASCADE
fk_casf_ca	mdm.ca_sinking_fund	mdm.ca_event	FOREIGN KEY (ca_event_id) REFERENCES mdm.ca_event(id)
fk_casp_source	mdm.ca_source_priority	mdm.source_systems	FOREIGN KEY (source_system_id) REFERENCES mdm.source_systems(id)
fk_casc_ca	mdm.ca_stock_component	mdm.ca_event	FOREIGN KEY (ca_event_id) REFERENCES mdm.ca_event(id) ON DELETE CASCADE
fk_casl_ca	mdm.ca_survivorship_log	mdm.ca_event	FOREIGN KEY (ca_event_id) REFERENCES mdm.ca_event(id)
fk_casl_rule	mdm.ca_survivorship_log	mdm.ca_survivorship_rule	FOREIGN KEY (rule_id) REFERENCES mdm.ca_survivorship_rule(id)
fk_caterm_ca	mdm.ca_term	mdm.ca_event	FOREIGN KEY (ca_event_id) REFERENCES mdm.ca_event(id) ON DELETE CASCADE
fk_catm_source	mdm.ca_type_mapping	mdm.source_systems	FOREIGN KEY (mdm_source_system_id) REFERENCES mdm.source_systems(id)
fk_cbcal_calendar	mdm.central_bank_calendar	mdm.calendar_master	FOREIGN KEY (calendar_id) REFERENCES mdm.calendar_master(id)
fk_cbcal_tz	mdm.central_bank_calendar	mdm.time_zone	FOREIGN KEY (time_zone_id) REFERENCES mdm.time_zone(id)
fk_cg_merged	mdm.client_group	mdm.client_group	FOREIGN KEY (merged_into_id) REFERENCES mdm.client_group(id)
fk_cg_parent	mdm.client_group	mdm.client_group	FOREIGN KEY (parent_client_group_id) REFERENCES mdm.client_group(id)
fk_cg_primary	mdm.client_group	mdm.party	FOREIGN KEY (primary_party_id) REFERENCES mdm.party(id)
fk_cgh_child	mdm.client_group_hierarchy	mdm.client_group	FOREIGN KEY (child_client_group_id) REFERENCES mdm.client_group(id) ON DELETE CASCADE
fk_cgh_parent	mdm.client_group_hierarchy	mdm.client_group	FOREIGN KEY (parent_client_group_id) REFERENCES mdm.client_group(id) ON DELETE CASCADE
fk_cghc_anc	mdm.client_group_hierarchy_closure	mdm.client_group	FOREIGN KEY (ancestor_client_group_id) REFERENCES mdm.client_group(id) ON DELETE CASCADE
fk_cghc_desc	mdm.client_group_hierarchy_closure	mdm.client_group	FOREIGN KEY (descendant_client_group_id) REFERENCES mdm.client_group(id) ON DELETE CASCADE
fk_cgm_group	mdm.client_group_membership	mdm.client_group	FOREIGN KEY (client_group_id) REFERENCES mdm.client_group(id) ON DELETE CASCADE
fk_cgs_group	mdm.client_group_servicing	mdm.client_group	FOREIGN KEY (client_group_id) REFERENCES mdm.client_group(id) ON DELETE CASCADE
fk_cgu_group	mdm.client_group_user	mdm.client_group	FOREIGN KEY (client_group_id) REFERENCES mdm.client_group(id) ON DELETE CASCADE
fk_cgu_party	mdm.client_group_user	mdm.party	FOREIGN KEY (party_id) REFERENCES mdm.party(id)
fk_cpty_contact	mdm.counterparty	mdm.party	FOREIGN KEY (primary_contact_party_id) REFERENCES mdm.party(id)
fk_cpty_issuer	mdm.counterparty	edm.issuer_master	FOREIGN KEY (issuer_id) REFERENCES edm.issuer_master(id)
fk_cpty_merged	mdm.counterparty	mdm.counterparty	FOREIGN KEY (merged_into_id) REFERENCES mdm.counterparty(id)
fk_cpty_party	mdm.counterparty	mdm.party	FOREIGN KEY (party_id) REFERENCES mdm.party(id)
fk_cpty_rm	mdm.counterparty	mdm.party	FOREIGN KEY (relationship_manager_party_id) REFERENCES mdm.party(id)
fk_cpty_status	mdm.counterparty	mdm.counterparty_status	FOREIGN KEY (status_id) REFERENCES mdm.counterparty_status(id)
fk_cpty_type	mdm.counterparty	mdm.counterparty_type	FOREIGN KEY (counterparty_type_id) REFERENCES mdm.counterparty_type(id)
fk_cpa_cpty	mdm.counterparty_agreement	mdm.counterparty	FOREIGN KEY (counterparty_id) REFERENCES mdm.counterparty(id) ON DELETE CASCADE
fk_cpa_parent	mdm.counterparty_agreement	mdm.counterparty_agreement	FOREIGN KEY (parent_agreement_id) REFERENCES mdm.counterparty_agreement(id)
fk_cpa_type	mdm.counterparty_agreement	mdm.agreement_type	FOREIGN KEY (agreement_type_id) REFERENCES mdm.agreement_type(id)
fk_cpat_agreement	mdm.counterparty_agreement_term	mdm.counterparty_agreement	FOREIGN KEY (agreement_id) REFERENCES mdm.counterparty_agreement(id) ON DELETE CASCADE
fk_cpcr_cpty	mdm.counterparty_change_request	mdm.counterparty	FOREIGN KEY (counterparty_id) REFERENCES mdm.counterparty(id)
fk_ccl_cpty	mdm.counterparty_credit_limit	mdm.counterparty	FOREIGN KEY (counterparty_id) REFERENCES mdm.counterparty(id) ON DELETE CASCADE
fk_ccp_cpty	mdm.counterparty_credit_profile	mdm.counterparty	FOREIGN KEY (counterparty_id) REFERENCES mdm.counterparty(id) ON DELETE CASCADE
fk_cdd_cpty	mdm.counterparty_due_diligence	mdm.counterparty	FOREIGN KEY (counterparty_id) REFERENCES mdm.counterparty(id) ON DELETE CASCADE
fk_cpex_cpty	mdm.counterparty_exception	mdm.counterparty	FOREIGN KEY (counterparty_id) REFERENCES mdm.counterparty(id)
fk_cex_cpty	mdm.counterparty_exposure	mdm.counterparty	FOREIGN KEY (counterparty_id) REFERENCES mdm.counterparty(id) ON DELETE CASCADE
fk_cex_limit	mdm.counterparty_exposure	mdm.counterparty_credit_limit	FOREIGN KEY (credit_limit_id) REFERENCES mdm.counterparty_credit_limit(id)
fk_cpgf_record	mdm.counterparty_golden_field	mdm.counterparty_golden_record	FOREIGN KEY (golden_record_id) REFERENCES mdm.counterparty_golden_record(id) ON DELETE CASCADE
fk_cpgf_source	mdm.counterparty_golden_field	mdm.source_systems	FOREIGN KEY (source_system_id) REFERENCES mdm.source_systems(id)
fk_cpgr_cpty	mdm.counterparty_golden_record	mdm.counterparty	FOREIGN KEY (counterparty_id) REFERENCES mdm.counterparty(id)
fk_cpi_cpty	mdm.counterparty_identifier	mdm.counterparty	FOREIGN KEY (counterparty_id) REFERENCES mdm.counterparty(id) ON DELETE CASCADE
fk_cpmc_a	mdm.counterparty_match_candidate	mdm.counterparty	FOREIGN KEY (counterparty_id_a) REFERENCES mdm.counterparty(id)
fk_cpmc_b	mdm.counterparty_match_candidate	mdm.counterparty	FOREIGN KEY (counterparty_id_b) REFERENCES mdm.counterparty(id)
fk_cpmc_rule	mdm.counterparty_match_candidate	mdm.counterparty_match_rule	FOREIGN KEY (match_rule_id) REFERENCES mdm.counterparty_match_rule(id)
fk_cpml_merged	mdm.counterparty_merge_log	mdm.counterparty	FOREIGN KEY (merged_counterparty_id) REFERENCES mdm.counterparty(id)
fk_cpml_surv	mdm.counterparty_merge_log	mdm.counterparty	FOREIGN KEY (surviving_counterparty_id) REFERENCES mdm.counterparty(id)
fk_cpra_cpty	mdm.counterparty_role_assignment	mdm.counterparty	FOREIGN KEY (counterparty_id) REFERENCES mdm.counterparty(id) ON DELETE CASCADE
fk_cpra_role	mdm.counterparty_role_assignment	mdm.counterparty_role	FOREIGN KEY (role_id) REFERENCES mdm.counterparty_role(id)
fk_cpsi_cpty	mdm.counterparty_settlement_instruction	mdm.counterparty	FOREIGN KEY (counterparty_id) REFERENCES mdm.counterparty(id) ON DELETE CASCADE
fk_cm_category	mdm.curve_master	mdm.curve_category	FOREIGN KEY (category_id) REFERENCES mdm.curve_category(id)
fk_cm_comp	mdm.curve_master	mdm.curve_compounding_frequency	FOREIGN KEY (compounding_frequency_id) REFERENCES mdm.curve_compounding_frequency(id)
fk_cm_interp	mdm.curve_master	mdm.curve_interpolation_method	FOREIGN KEY (interpolation_method_id) REFERENCES mdm.curve_interpolation_method(id)
fk_cm_parent	mdm.curve_master	mdm.curve_master	FOREIGN KEY (parent_curve_id) REFERENCES mdm.curve_master(id)
fk_cm_source	mdm.curve_master	mdm.price_source	FOREIGN KEY (source_id) REFERENCES mdm.price_source(id)
fk_cpt_curve	mdm.curve_point	mdm.curve_master	FOREIGN KEY (curve_id) REFERENCES mdm.curve_master(id) ON DELETE CASCADE
fk_cpt_obs	mdm.curve_point	mdm.price_observation_type	FOREIGN KEY (observation_type_id) REFERENCES mdm.price_observation_type(id)
fk_cpt_tier	mdm.curve_point	mdm.price_quality_tier	FOREIGN KEY (quality_tier_id) REFERENCES mdm.price_quality_tier(id)
fk_csnap_curve	mdm.curve_snapshot	mdm.curve_master	FOREIGN KEY (curve_id) REFERENCES mdm.curve_master(id) ON DELETE CASCADE
fk_csnap_source	mdm.curve_snapshot	mdm.price_source	FOREIGN KEY (source_id) REFERENCES mdm.price_source(id)
fk_fvc_level	mdm.fair_value_classification	mdm.fair_value_level	FOREIGN KEY (fair_value_level_id) REFERENCES mdm.fair_value_level(id)
fk_fcc_party	mdm.fatca_crs_classification	mdm.party	FOREIGN KEY (party_id) REFERENCES mdm.party(id) ON DELETE CASCADE
fk_fcc_status	mdm.fatca_crs_classification	mdm.fatca_crs_status	FOREIGN KEY (status_id) REFERENCES mdm.fatca_crs_status(id)
fk_fundcal_dealing	mdm.fund_calendar	mdm.calendar_master	FOREIGN KEY (dealing_calendar_id) REFERENCES mdm.calendar_master(id)
fk_fundcal_navpub	mdm.fund_calendar	mdm.calendar_master	FOREIGN KEY (nav_publication_calendar_id) REFERENCES mdm.calendar_master(id)
fk_fundcal_payment	mdm.fund_calendar	mdm.calendar_master	FOREIGN KEY (payment_calendar_id) REFERENCES mdm.calendar_master(id)
fk_fundcal_settlement	mdm.fund_calendar	mdm.calendar_master	FOREIGN KEY (settlement_calendar_id) REFERENCES mdm.calendar_master(id)
fk_fundcal_tz_dealing	mdm.fund_calendar	mdm.time_zone	FOREIGN KEY (dealing_timezone_id) REFERENCES mdm.time_zone(id)
fk_fundcal_tz_val	mdm.fund_calendar	mdm.time_zone	FOREIGN KEY (valuation_timezone_id) REFERENCES mdm.time_zone(id)
fk_fundcal_valuation	mdm.fund_calendar	mdm.calendar_master	FOREIGN KEY (valuation_calendar_id) REFERENCES mdm.calendar_master(id)
fk_fce_fund_calendar	mdm.fund_calendar_exception	mdm.fund_calendar	FOREIGN KEY (fund_calendar_id) REFERENCES mdm.fund_calendar(id) ON DELETE CASCADE
fk_fcr_fund_calendar	mdm.fund_calendar_rule	mdm.fund_calendar	FOREIGN KEY (fund_calendar_id) REFERENCES mdm.fund_calendar(id) ON DELETE CASCADE
fund_hierarchy_child_fund_id_fkey	mdm.fund_hierarchy	mdm.mdm_funds	FOREIGN KEY (child_fund_id) REFERENCES mdm.mdm_funds(id)
fund_hierarchy_parent_fund_id_fkey	mdm.fund_hierarchy	mdm.mdm_funds	FOREIGN KEY (parent_fund_id) REFERENCES mdm.mdm_funds(id)
fund_hierarchy_tenant_id_fkey	mdm.fund_hierarchy	public.tenants	FOREIGN KEY (tenant_id) REFERENCES public.tenants(id)
fk_fxrm_source	mdm.fx_rate_master	mdm.price_source	FOREIGN KEY (source_id) REFERENCES mdm.price_source(id)
fk_fxrm_tier	mdm.fx_rate_master	mdm.price_quality_tier	FOREIGN KEY (quality_tier_id) REFERENCES mdm.price_quality_tier(id)
fk_hd_rule	mdm.holiday_definition	mdm.holiday_rule_type	FOREIGN KEY (rule_type_id) REFERENCES mdm.holiday_rule_type(id)
fk_hd_type	mdm.holiday_definition	mdm.holiday_type	FOREIGN KEY (holiday_type_id) REFERENCES mdm.holiday_type(id)
fk_hdc_calendar	mdm.holiday_definition_calendar	mdm.calendar_master	FOREIGN KEY (calendar_id) REFERENCES mdm.calendar_master(id) ON DELETE CASCADE
fk_hdc_holiday	mdm.holiday_definition_calendar	mdm.holiday_definition	FOREIGN KEY (holiday_definition_id) REFERENCES mdm.holiday_definition(id) ON DELETE CASCADE
fk_hmd_holiday	mdm.holiday_manual_date	mdm.holiday_definition	FOREIGN KEY (holiday_definition_id) REFERENCES mdm.holiday_definition(id) ON DELETE CASCADE
fk_kycd_party	mdm.kyc_document	mdm.party	FOREIGN KEY (party_id) REFERENCES mdm.party(id) ON DELETE CASCADE
fk_kycd_type	mdm.kyc_document	mdm.party_document_type	FOREIGN KEY (document_type_id) REFERENCES mdm.party_document_type(id)
fk_kyc_party	mdm.kyc_profile	mdm.party	FOREIGN KEY (party_id) REFERENCES mdm.party(id) ON DELETE CASCADE
fk_kyc_risk	mdm.kyc_profile	mdm.risk_rating	FOREIGN KEY (risk_rating_id) REFERENCES mdm.risk_rating(id)
fk_kyc_status	mdm.kyc_profile	mdm.kyc_status	FOREIGN KEY (kyc_status_id) REFERENCES mdm.kyc_status(id)
match_rules_domain_id_fkey	mdm.match_rules	mdm.domains	FOREIGN KEY (domain_id) REFERENCES mdm.domains(domain_id) ON DELETE CASCADE
merge_events_domain_id_fkey	mdm.merge_events	mdm.domains	FOREIGN KEY (domain_id) REFERENCES mdm.domains(domain_id)
merge_events_source_id_fkey	mdm.merge_events	mdm.sources	FOREIGN KEY (source_id) REFERENCES mdm.sources(source_id)
fk_paddr_party	mdm.party_address	mdm.party	FOREIGN KEY (party_id) REFERENCES mdm.party(id) ON DELETE CASCADE
fk_pcr_party	mdm.party_change_request	mdm.party	FOREIGN KEY (party_id) REFERENCES mdm.party(id)
fk_pcon_party	mdm.party_consent	mdm.party	FOREIGN KEY (party_id) REFERENCES mdm.party(id) ON DELETE CASCADE
fk_pcont_party	mdm.party_contact	mdm.party	FOREIGN KEY (party_id) REFERENCES mdm.party(id) ON DELETE CASCADE
fk_pctl_controlled	mdm.party_control	mdm.party	FOREIGN KEY (controlled_party_id) REFERENCES mdm.party(id) ON DELETE CASCADE
fk_pctl_controller	mdm.party_control	mdm.party	FOREIGN KEY (controller_party_id) REFERENCES mdm.party(id) ON DELETE CASCADE
fk_pex_party	mdm.party_exception	mdm.party	FOREIGN KEY (party_id) REFERENCES mdm.party(id)
fk_pgf_record	mdm.party_golden_field	mdm.party_golden_record	FOREIGN KEY (golden_record_id) REFERENCES mdm.party_golden_record(id) ON DELETE CASCADE
fk_pgf_source	mdm.party_golden_field	mdm.source_systems	FOREIGN KEY (source_system_id) REFERENCES mdm.source_systems(id)
fk_pgr_party	mdm.party_golden_record	mdm.party	FOREIGN KEY (party_id) REFERENCES mdm.party(id)
fk_ph_child	mdm.party_hierarchy	mdm.party	FOREIGN KEY (child_party_id) REFERENCES mdm.party(id) ON DELETE CASCADE
fk_ph_parent	mdm.party_hierarchy	mdm.party	FOREIGN KEY (parent_party_id) REFERENCES mdm.party(id) ON DELETE CASCADE
fk_phc_anc	mdm.party_hierarchy_closure	mdm.party	FOREIGN KEY (ancestor_party_id) REFERENCES mdm.party(id) ON DELETE CASCADE
fk_phc_desc	mdm.party_hierarchy_closure	mdm.party	FOREIGN KEY (descendant_party_id) REFERENCES mdm.party(id) ON DELETE CASCADE
fk_partyh_party	mdm.party_history	mdm.party	FOREIGN KEY (party_id) REFERENCES mdm.party(id) ON DELETE CASCADE
fk_pident_party	mdm.party_identifier	mdm.party	FOREIGN KEY (party_id) REFERENCES mdm.party(id) ON DELETE CASCADE
fk_pind_party	mdm.party_individual	mdm.party	FOREIGN KEY (party_id) REFERENCES mdm.party(id) ON DELETE CASCADE
fk_ple_party	mdm.party_legal_entity	mdm.party	FOREIGN KEY (party_id) REFERENCES mdm.party(id) ON DELETE CASCADE
fk_pmc_a	mdm.party_match_candidate	mdm.party	FOREIGN KEY (party_id_a) REFERENCES mdm.party(id)
fk_pmc_b	mdm.party_match_candidate	mdm.party	FOREIGN KEY (party_id_b) REFERENCES mdm.party(id)
fk_pmc_rule	mdm.party_match_candidate	mdm.party_match_rule	FOREIGN KEY (match_rule_id) REFERENCES mdm.party_match_rule(id)
fk_pml_merged	mdm.party_merge_log	mdm.party	FOREIGN KEY (merged_party_id) REFERENCES mdm.party(id)
fk_pml_surv	mdm.party_merge_log	mdm.party	FOREIGN KEY (surviving_party_id) REFERENCES mdm.party(id)
fk_pname_party	mdm.party_name	mdm.party	FOREIGN KEY (party_id) REFERENCES mdm.party(id) ON DELETE CASCADE
fk_po_owned	mdm.party_ownership	mdm.party	FOREIGN KEY (owned_party_id) REFERENCES mdm.party(id) ON DELETE CASCADE
fk_po_owner	mdm.party_ownership	mdm.party	FOREIGN KEY (owner_party_id) REFERENCES mdm.party(id)
fk_prel_from	mdm.party_relationship	mdm.party	FOREIGN KEY (from_party_id) REFERENCES mdm.party(id) ON DELETE CASCADE
fk_prel_to	mdm.party_relationship	mdm.party	FOREIGN KEY (to_party_id) REFERENCES mdm.party(id) ON DELETE CASCADE
fk_prel_type	mdm.party_relationship	mdm.party_relationship_type	FOREIGN KEY (relationship_type_id) REFERENCES mdm.party_relationship_type(id)
fk_pra_party	mdm.party_role_assignment	mdm.party	FOREIGN KEY (party_id) REFERENCES mdm.party(id) ON DELETE CASCADE
fk_pra_role	mdm.party_role_assignment	mdm.party_role	FOREIGN KEY (role_id) REFERENCES mdm.party_role(id)
fk_psucc_pred	mdm.party_successor	mdm.party	FOREIGN KEY (predecessor_party_id) REFERENCES mdm.party(id)
fk_psucc_succ	mdm.party_successor	mdm.party	FOREIGN KEY (successor_party_id) REFERENCES mdm.party(id)
fk_ptr_crs	mdm.party_tax_residency	mdm.fatca_crs_status	FOREIGN KEY (crs_status_id) REFERENCES mdm.fatca_crs_status(id)
fk_ptr_fatca	mdm.party_tax_residency	mdm.fatca_crs_status	FOREIGN KEY (fatca_status_id) REFERENCES mdm.fatca_crs_status(id)
fk_ptr_party	mdm.party_tax_residency	mdm.party	FOREIGN KEY (party_id) REFERENCES mdm.party(id) ON DELETE CASCADE
fk_pubo_subject	mdm.party_ubo	mdm.party	FOREIGN KEY (subject_party_id) REFERENCES mdm.party(id) ON DELETE CASCADE
fk_pubo_ubo	mdm.party_ubo	mdm.party	FOREIGN KEY (ubo_party_id) REFERENCES mdm.party(id)
fk_ps_party	mdm.pep_screening	mdm.party	FOREIGN KEY (party_id) REFERENCES mdm.party(id) ON DELETE CASCADE
fk_price_fvl	mdm.price	mdm.fair_value_level	FOREIGN KEY (fair_value_level_id) REFERENCES mdm.fair_value_level(id)
fk_price_obs	mdm.price	mdm.price_observation_type	FOREIGN KEY (observation_type_id) REFERENCES mdm.price_observation_type(id)
fk_price_source	mdm.price	mdm.price_source	FOREIGN KEY (source_id) REFERENCES mdm.price_source(id)
fk_price_tier	mdm.price	mdm.price_quality_tier	FOREIGN KEY (quality_tier_id) REFERENCES mdm.price_quality_tier(id)
fk_price_type	mdm.price	mdm.price_type	FOREIGN KEY (price_type_id) REFERENCES mdm.price_type(id)
fk_pch_source	mdm.price_challenge	mdm.price_source	FOREIGN KEY (source_id) REFERENCES mdm.price_source(id)
fk_pex_source	mdm.price_exception	mdm.price_source	FOREIGN KEY (source_id) REFERENCES mdm.price_source(id)
fk_pfh_source	mdm.price_feed_health	mdm.price_source	FOREIGN KEY (source_id) REFERENCES mdm.price_source(id)
fk_pfs_source	mdm.price_feed_schedule	mdm.price_source	FOREIGN KEY (source_id) REFERENCES mdm.price_source(id)
fk_pfm_source	mdm.price_field_mapping	mdm.source_systems	FOREIGN KEY (source_system_id) REFERENCES mdm.source_systems(id)
fk_pgd_pub	mdm.price_golden_distribution	mdm.price_golden_publication	FOREIGN KEY (publication_id) REFERENCES mdm.price_golden_publication(id)
fk_pgd_record	mdm.price_golden_distribution	mdm.price_golden_record	FOREIGN KEY (golden_record_id) REFERENCES mdm.price_golden_record(id)
fk_pgd_target	mdm.price_golden_distribution	mdm.source_systems	FOREIGN KEY (target_system_id) REFERENCES mdm.source_systems(id)
fk_pgf_record	mdm.price_golden_field	mdm.price_golden_record	FOREIGN KEY (golden_record_id) REFERENCES mdm.price_golden_record(id) ON DELETE CASCADE
fk_ph_price	mdm.price_history	mdm.price	FOREIGN KEY (price_id) REFERENCES mdm.price(id) ON DELETE CASCADE
fk_pmc_rule	mdm.price_match_candidate	mdm.price_match_rule	FOREIGN KEY (match_rule_id) REFERENCES mdm.price_match_rule(id)
fk_prec_src_a	mdm.price_reconciliation	mdm.price_source	FOREIGN KEY (source_a_id) REFERENCES mdm.price_source(id)
fk_prec_src_b	mdm.price_reconciliation	mdm.price_source	FOREIGN KEY (source_b_id) REFERENCES mdm.price_source(id)
fk_prr_rec	mdm.price_reconciliation_result	mdm.price_reconciliation	FOREIGN KEY (reconciliation_id) REFERENCES mdm.price_reconciliation(id) ON DELETE CASCADE
fk_pser_ptype	mdm.price_series	mdm.price_type	FOREIGN KEY (price_type_id) REFERENCES mdm.price_type(id)
fk_pser_src	mdm.price_series	mdm.price_source	FOREIGN KEY (source_id) REFERENCES mdm.price_source(id)
fk_pser_tier	mdm.price_series	mdm.price_quality_tier	FOREIGN KEY (quality_tier_id) REFERENCES mdm.price_quality_tier(id)
fk_ps_parent	mdm.price_source	mdm.price_source	FOREIGN KEY (parent_source_id) REFERENCES mdm.price_source(id)
fk_psa_mdm	mdm.price_source_alias	mdm.source_systems	FOREIGN KEY (mdm_source_system_id) REFERENCES mdm.source_systems(id)
fk_psa_source	mdm.price_source_alias	mdm.price_source	FOREIGN KEY (source_id) REFERENCES mdm.price_source(id)
fk_psp_source	mdm.price_source_priority	mdm.price_source	FOREIGN KEY (source_id) REFERENCES mdm.price_source(id)
fk_pse_price	mdm.price_stale_event	mdm.price	FOREIGN KEY (price_id) REFERENCES mdm.price(id)
fk_pse_source	mdm.price_stale_event	mdm.price_source	FOREIGN KEY (source_id) REFERENCES mdm.price_source(id)
fk_pst_source	mdm.price_steward	mdm.price_source	FOREIGN KEY (source_id) REFERENCES mdm.price_source(id)
fk_psl_rule	mdm.price_survivorship_log	mdm.price_survivorship_rule	FOREIGN KEY (rule_id) REFERENCES mdm.price_survivorship_rule(id)
fk_ptm_source	mdm.price_type_mapping	mdm.source_systems	FOREIGN KEY (source_system_id) REFERENCES mdm.source_systems(id)
fk_pve_src_a	mdm.price_variance_event	mdm.price_source	FOREIGN KEY (source_a_id) REFERENCES mdm.price_source(id)
fk_pve_src_b	mdm.price_variance_event	mdm.price_source	FOREIGN KEY (source_b_id) REFERENCES mdm.price_source(id)
fk_pve_thresh	mdm.price_variance_event	mdm.price_variance_threshold	FOREIGN KEY (threshold_id) REFERENCES mdm.price_variance_threshold(id)
fk_pvs_source	mdm.price_vendor_symbol	mdm.price_source	FOREIGN KEY (source_id) REFERENCES mdm.price_source(id)
fk_prd_benchmark	mdm.product	mdm.benchmark_master	FOREIGN KEY (benchmark_id) REFERENCES mdm.benchmark_master(id)
fk_prd_category	mdm.product	mdm.product_category	FOREIGN KEY (product_category_id) REFERENCES mdm.product_category(id)
fk_prd_manager	mdm.product	edm.issuer_master	FOREIGN KEY (manager_id) REFERENCES edm.issuer_master(id)
fk_prd_merged	mdm.product	mdm.product	FOREIGN KEY (merged_into_id) REFERENCES mdm.product(id)
fk_prd_predecess	mdm.product	mdm.product	FOREIGN KEY (predecessor_product_id) REFERENCES mdm.product(id)
fk_prd_source	mdm.product	mdm.source_systems	FOREIGN KEY (source_system_id) REFERENCES mdm.source_systems(id)
fk_prd_status	mdm.product	mdm.product_status	FOREIGN KEY (status_id) REFERENCES mdm.product_status(id)
fk_prd_subadv	mdm.product	edm.issuer_master	FOREIGN KEY (sub_advisor_id) REFERENCES edm.issuer_master(id)
fk_prd_successor	mdm.product	mdm.product	FOREIGN KEY (successor_product_id) REFERENCES mdm.product(id)
fk_prd_type	mdm.product	mdm.product_type	FOREIGN KEY (product_type_id) REFERENCES mdm.product_type(id)
fk_prd_bmk_benchmark	mdm.product_benchmark	mdm.benchmark_master	FOREIGN KEY (benchmark_id) REFERENCES mdm.benchmark_master(id)
fk_prd_bmk_product	mdm.product_benchmark	mdm.product	FOREIGN KEY (product_id) REFERENCES mdm.product(id) ON DELETE CASCADE
fk_prdc_parent	mdm.product_category	mdm.product_category	FOREIGN KEY (parent_category_id) REFERENCES mdm.product_category(id)
fk_prdcr_product	mdm.product_change_request	mdm.product	FOREIGN KEY (product_id) REFERENCES mdm.product(id)
fk_prd_dist_channel	mdm.product_distribution	mdm.product_distribution_channel	FOREIGN KEY (channel_id) REFERENCES mdm.product_distribution_channel(id)
fk_prd_dist_dist	mdm.product_distribution	edm.issuer_master	FOREIGN KEY (distributor_id) REFERENCES edm.issuer_master(id)
fk_prd_dist_product	mdm.product_distribution	mdm.product	FOREIGN KEY (product_id) REFERENCES mdm.product(id) ON DELETE CASCADE
fk_prd_doc_product	mdm.product_document	mdm.product	FOREIGN KEY (product_id) REFERENCES mdm.product(id) ON DELETE CASCADE
fk_prd_doc_superseded	mdm.product_document	mdm.product_document	FOREIGN KEY (superseded_by_id) REFERENCES mdm.product_document(id)
fk_prd_doc_type	mdm.product_document	mdm.product_document_type	FOREIGN KEY (document_type_id) REFERENCES mdm.product_document_type(id)
fk_prd_elig_product	mdm.product_eligibility	mdm.product	FOREIGN KEY (product_id) REFERENCES mdm.product(id) ON DELETE CASCADE
fk_prdex_product	mdm.product_exception	mdm.product	FOREIGN KEY (product_id) REFERENCES mdm.product(id)
fk_prdex_source	mdm.product_exception	mdm.source_systems	FOREIGN KEY (source_system_id) REFERENCES mdm.source_systems(id)
fk_prdfh_source	mdm.product_feed_health	mdm.source_systems	FOREIGN KEY (source_system_id) REFERENCES mdm.source_systems(id)
fk_prdfs_source	mdm.product_feed_schedule	mdm.source_systems	FOREIGN KEY (source_system_id) REFERENCES mdm.source_systems(id)
fk_prd_fs_product	mdm.product_fee_schedule	mdm.product	FOREIGN KEY (product_id) REFERENCES mdm.product(id)
fk_prdfm_source	mdm.product_field_mapping	mdm.source_systems	FOREIGN KEY (mdm_source_system_id) REFERENCES mdm.source_systems(id)
fk_prdgf_record	mdm.product_golden_field	mdm.product_golden_record	FOREIGN KEY (golden_record_id) REFERENCES mdm.product_golden_record(id) ON DELETE CASCADE
fk_prdgf_source	mdm.product_golden_field	mdm.source_systems	FOREIGN KEY (source_system_id) REFERENCES mdm.source_systems(id)
fk_prd_gr_product	mdm.product_golden_record	mdm.product	FOREIGN KEY (product_id) REFERENCES mdm.product(id)
fk_prd_ident	mdm.product_identifier	mdm.product	FOREIGN KEY (product_id) REFERENCES mdm.product(id) ON DELETE CASCADE
fk_prd_lc_doc	mdm.product_lifecycle_event	mdm.product_document	FOREIGN KEY (related_document_id) REFERENCES mdm.product_document(id)
fk_prd_lc_product	mdm.product_lifecycle_event	mdm.product	FOREIGN KEY (product_id) REFERENCES mdm.product(id) ON DELETE CASCADE
fk_prd_lc_related	mdm.product_lifecycle_event	mdm.product	FOREIGN KEY (related_product_id) REFERENCES mdm.product(id)
fk_prd_lc_type	mdm.product_lifecycle_event	mdm.product_lifecycle_event_type	FOREIGN KEY (event_type_id) REFERENCES mdm.product_lifecycle_event_type(id)
fk_prdmc_a	mdm.product_match_candidate	mdm.product	FOREIGN KEY (product_id_a) REFERENCES mdm.product(id)
fk_prdmc_b	mdm.product_match_candidate	mdm.product	FOREIGN KEY (product_id_b) REFERENCES mdm.product(id)
fk_prdmc_rule	mdm.product_match_candidate	mdm.product_match_rule	FOREIGN KEY (match_rule_id) REFERENCES mdm.product_match_rule(id)
fk_prdml_merged	mdm.product_merge_log	mdm.product	FOREIGN KEY (merged_product_id) REFERENCES mdm.product(id)
fk_prdml_surv	mdm.product_merge_log	mdm.product	FOREIGN KEY (surviving_product_id) REFERENCES mdm.product(id)
fk_prd_platform	mdm.product_platform	mdm.product	FOREIGN KEY (product_id) REFERENCES mdm.product(id) ON DELETE CASCADE
fk_prd_reg_product	mdm.product_registration	mdm.product	FOREIGN KEY (product_id) REFERENCES mdm.product(id) ON DELETE CASCADE
fk_prd_reg_type	mdm.product_registration	mdm.product_registration_type	FOREIGN KEY (registration_type_id) REFERENCES mdm.product_registration_type(id)
fk_prd_sec_product	mdm.product_security	mdm.product	FOREIGN KEY (product_id) REFERENCES mdm.product(id) ON DELETE CASCADE
fk_prd_sc_prd	mdm.product_share_class	mdm.product	FOREIGN KEY (product_id) REFERENCES mdm.product(id) ON DELETE CASCADE
fk_prd_scf_sc	mdm.product_share_class_fee	mdm.product_share_class	FOREIGN KEY (product_share_class_id) REFERENCES mdm.product_share_class(id) ON DELETE CASCADE
fk_prdsp_source	mdm.product_source_priority	mdm.source_systems	FOREIGN KEY (source_system_id) REFERENCES mdm.source_systems(id)
fk_prd_strat_product	mdm.product_strategy	mdm.product	FOREIGN KEY (product_id) REFERENCES mdm.product(id) ON DELETE CASCADE
fk_prdsl_product	mdm.product_survivorship_log	mdm.product	FOREIGN KEY (product_id) REFERENCES mdm.product(id)
fk_prdsl_rule	mdm.product_survivorship_log	mdm.product_survivorship_rule	FOREIGN KEY (rule_id) REFERENCES mdm.product_survivorship_rule(id)
fk_prd_tm_product	mdm.product_target_market	mdm.product	FOREIGN KEY (product_id) REFERENCES mdm.product(id) ON DELETE CASCADE
fk_prdtm_source	mdm.product_type_mapping	mdm.source_systems	FOREIGN KEY (mdm_source_system_id) REFERENCES mdm.source_systems(id)
fk_prd_veh_product	mdm.product_vehicle	mdm.product	FOREIGN KEY (product_id) REFERENCES mdm.product(id) ON DELETE CASCADE
fk_r_agency	mdm.rating	mdm.rating_agency	FOREIGN KEY (agency_id) REFERENCES mdm.rating_agency(id)
fk_r_outlook	mdm.rating	mdm.rating_outlook	FOREIGN KEY (outlook_id) REFERENCES mdm.rating_outlook(id)
fk_r_scale	mdm.rating	mdm.rating_scale	FOREIGN KEY (rating_scale_id) REFERENCES mdm.rating_scale(id)
fk_r_type	mdm.rating	mdm.rating_type	FOREIGN KEY (rating_type_id) REFERENCES mdm.rating_type(id)
fk_r_watch	mdm.rating	mdm.rating_watch	FOREIGN KEY (watch_id) REFERENCES mdm.rating_watch(id)
fk_ra_atype	mdm.rating_action	mdm.rating_action_type	FOREIGN KEY (action_type_id) REFERENCES mdm.rating_action_type(id)
fk_ra_outlook	mdm.rating_action	mdm.rating_outlook	FOREIGN KEY (outlook_id) REFERENCES mdm.rating_outlook(id)
fk_ra_prior	mdm.rating_action	mdm.rating	FOREIGN KEY (prior_rating_id) REFERENCES mdm.rating(id)
fk_ra_rating	mdm.rating_action	mdm.rating	FOREIGN KEY (rating_id) REFERENCES mdm.rating(id) ON DELETE CASCADE
fk_ra_watch	mdm.rating_action	mdm.rating_watch	FOREIGN KEY (watch_id) REFERENCES mdm.rating_watch(id)
fk_ra_parent	mdm.rating_agency	mdm.rating_agency	FOREIGN KEY (parent_agency_id) REFERENCES mdm.rating_agency(id)
fk_rb_agency	mdm.rating_bank	mdm.rating_agency	FOREIGN KEY (agency_id) REFERENCES mdm.rating_agency(id)
fk_rb_outlook	mdm.rating_bank	mdm.rating_outlook	FOREIGN KEY (outlook_id) REFERENCES mdm.rating_outlook(id)
fk_rb_rating	mdm.rating_bank	mdm.rating	FOREIGN KEY (rating_id) REFERENCES mdm.rating(id) ON DELETE SET NULL
fk_rd_rating	mdm.rating_default	mdm.rating	FOREIGN KEY (rating_id) REFERENCES mdm.rating(id) ON DELETE CASCADE
fk_rf_agency	mdm.rating_fund	mdm.rating_agency	FOREIGN KEY (agency_id) REFERENCES mdm.rating_agency(id)
fk_rf_outlook	mdm.rating_fund	mdm.rating_outlook	FOREIGN KEY (outlook_id) REFERENCES mdm.rating_outlook(id)
fk_rf_rating	mdm.rating_fund	mdm.rating	FOREIGN KEY (rating_id) REFERENCES mdm.rating(id) ON DELETE SET NULL
fk_ri_agency	mdm.rating_insurance	mdm.rating_agency	FOREIGN KEY (agency_id) REFERENCES mdm.rating_agency(id)
fk_ri_ins_rating	mdm.rating_insurance	mdm.rating	FOREIGN KEY (rating_id) REFERENCES mdm.rating(id) ON DELETE SET NULL
fk_ri_outlook	mdm.rating_insurance	mdm.rating_outlook	FOREIGN KEY (long_term_outlook_id) REFERENCES mdm.rating_outlook(id)
fk_rs_agency	mdm.rating_scale	mdm.rating_agency	FOREIGN KEY (agency_id) REFERENCES mdm.rating_agency(id)
recon_breaks_batch_id_fkey	mdm.recon_breaks	mdm.recon_statement_batches	FOREIGN KEY (batch_id) REFERENCES mdm.recon_statement_batches(id) ON DELETE CASCADE
fk_sh_list	mdm.sanctions_hit	mdm.sanctions_list_source	FOREIGN KEY (list_source_id) REFERENCES mdm.sanctions_list_source(id)
fk_sh_party	mdm.sanctions_hit	mdm.party	FOREIGN KEY (party_id) REFERENCES mdm.party(id)
fk_sh_screening	mdm.sanctions_hit	mdm.sanctions_screening	FOREIGN KEY (sanctions_screening_id) REFERENCES mdm.sanctions_screening(id) ON DELETE CASCADE
fk_ss_list	mdm.sanctions_screening	mdm.sanctions_list_source	FOREIGN KEY (list_source_id) REFERENCES mdm.sanctions_list_source(id)
fk_ss_party	mdm.sanctions_screening	mdm.party	FOREIGN KEY (party_id) REFERENCES mdm.party(id) ON DELETE CASCADE
fk_settcal_calendar	mdm.settlement_calendar	mdm.calendar_master	FOREIGN KEY (calendar_id) REFERENCES mdm.calendar_master(id)
fk_sr_calendar	mdm.settlement_rule	mdm.settlement_calendar	FOREIGN KEY (settlement_calendar_id) REFERENCES mdm.settlement_calendar(id)
fk_sr_rolling	mdm.settlement_rule	mdm.rolling_convention	FOREIGN KEY (rolling_convention_id) REFERENCES mdm.rolling_convention(id)
fk_src_calendar	mdm.settlement_rule_calendar	mdm.calendar_master	FOREIGN KEY (calendar_id) REFERENCES mdm.calendar_master(id)
fk_src_rule	mdm.settlement_rule_calendar	mdm.settlement_rule	FOREIGN KEY (settlement_rule_id) REFERENCES mdm.settlement_rule(id) ON DELETE CASCADE
sources_domain_id_fkey	mdm.sources	mdm.domains	FOREIGN KEY (domain_id) REFERENCES mdm.domains(domain_id) ON DELETE CASCADE
fk_vi_model	mdm.valuation_input	mdm.valuation_model	FOREIGN KEY (valuation_model_id) REFERENCES mdm.valuation_model(id)
fk_vi_source	mdm.valuation_input	mdm.price_source	FOREIGN KEY (source_id) REFERENCES mdm.price_source(id)
fk_vs_source	mdm.vol_surface	mdm.price_source	FOREIGN KEY (calibration_source_id) REFERENCES mdm.price_source(id)
fk_vsp_surface	mdm.vol_surface_point	mdm.vol_surface	FOREIGN KEY (surface_id) REFERENCES mdm.vol_surface(id) ON DELETE CASCADE
fk_vsp_tier	mdm.vol_surface_point	mdm.price_quality_tier	FOREIGN KEY (quality_tier_id) REFERENCES mdm.price_quality_tier(id)
