ts,cycle,heap_alloc,total_alloc,num_gc,gcpause_ns,latency_ms
2026-10-07T14:56:56Z,1,938936,4566736,3,136124,35096.219
2026-10-07T14:57:44Z,2,968048,7063984,5,71170166,39269.918
2026-10-07T14:58:26Z,3,979064,9497680,7,106416,34216.333
2026-10-07T14:59:04Z,4,1010064,11976072,9,124833,30216.813
2026-10-07T14:59:42Z,5,1011608,14403152,11,67750,30140.272
2026-10-07T15:00:19Z,6,1038048,16863376,13,72292,29273.347
2026-10-07T15:00:56Z,7,1059184,19309072,15,2117625,28700.582
2026-10-07T15:01:33Z,8,1020320,21743488,17,53708,29248.320
2026-10-07T15:02:12Z,9,1063336,24260040,19,66333,30461.187
2026-10-07T15:02:49Z,10,1094112,26801248,21,2886000,29291.622
2026-10-07T15:03:29Z,11,1071448,29272048,23,428875,31394.505
2026-10-07T15:04:06Z,12,1093608,31836960,25,92833,29745.981
2026-10-07T15:04:45Z,13,1116688,34354120,27,82625,30808.231
2026-10-07T15:05:23Z,14,1151592,36850960,29,101042,29747.914
2026-10-07T15:06:01Z,15,1130256,39340648,31,87667,29814.432
2026-10-07T15:06:39Z,16,1144536,41815976,33,57083,30018.758
2026-10-07T15:07:17Z,17,1132544,44268272,35,56374,30717.915
2026-10-07T15:07:56Z,18,1124832,46722504,37,52958,30785.815
2026-10-07T15:08:35Z,19,1148848,49176472,39,63458,31096.412
2026-10-07T15:09:14Z,20,1158992,51682736,41,53500,31053.648
2026-10-07T15:09:55Z,21,1145344,54132512,43,248500,32093.802
2026-10-07T15:10:33Z,22,1127304,56599296,45,1379625,30814.314
2026-10-07T15:11:12Z,23,1142072,59061424,47,416917,31073.610
2026-10-07T15:11:52Z,24,1122256,61859024,49,52583,31191.218
2026-10-07T15:12:30Z,25,1156232,64409304,51,548249,30068.342
2026-10-07T15:13:09Z,26,1134072,66888680,53,54583,31429.846
2026-10-07T15:13:47Z,27,1133848,69400272,55,60084,30128.473
2026-10-07T15:14:27Z,28,1158272,71869136,57,96875,31408.122
2026-10-07T15:15:06Z,29,1127216,74338760,59,257959,31417.989
2026-10-07T15:15:45Z,30,1125808,76830248,61,62875,30693.137
2026-10-07T15:16:24Z,31,1148928,79381200,63,75584,30910.131
2026-10-07T15:17:03Z,32,1164944,81852448,65,75666,31147.962
2026-10-07T15:17:42Z,33,1119760,84326784,67,68875,31323.337
2026-10-07T15:18:22Z,34,1135840,86774648,69,83458,31784.258
2026-10-07T15:19:01Z,35,1165928,89239168,71,80208,31059.801
2026-10-07T15:19:40Z,36,1122368,91668944,73,66584,30826.356
2026-10-07T15:20:18Z,37,1138152,94202656,75,82875,30033.490
2026-10-07T15:20:55Z,38,1148360,96689272,77,74208,29122.562
2026-10-07T15:21:43Z,39,1157432,99176904,79,60458,40421.237
2026-10-07T15:22:24Z,40,1174480,101619016,81,64000,32421.203
2026-10-07T15:23:02Z,41,1174728,104037216,83,73708,30089.509
2026-10-07T15:23:41Z,42,1127808,106487624,85,98792,30932.892
2026-10-07T15:24:18Z,43,1121112,109017480,87,72541,29274.650
2026-10-07T15:24:55Z,44,1132896,111488768,89,55375,29134.101
2026-10-07T15:25:33Z,45,1176520,113968024,91,81959,29462.288
2026-10-07T15:26:11Z,46,1123520,116420040,93,120709,30297.500
2026-10-07T15:26:49Z,47,1143952,119166848,95,58834,29857.617
2026-10-07T15:27:26Z,48,1136216,121666320,97,74251,29302.875
2026-10-07T15:28:04Z,49,1153128,124232960,99,60167,29638.916
2026-10-07T15:28:42Z,50,1135632,126738624,101,73917,29694.158
2026-10-07T15:29:19Z,51,1143016,129207912,103,273667,29152.861
2026-10-07T15:29:56Z,52,1131840,131704168,105,403959,29461.378
2026-10-07T15:30:34Z,53,1152864,134183568,107,265083,29394.961
2026-10-07T15:31:12Z,54,1154416,136669520,109,375916,30196.198
2026-10-07T15:31:50Z,55,1154376,139141216,111,162083,29840.120
2026-10-07T15:32:28Z,56,1148432,141618128,113,79959,30054.801
2026-10-07T15:33:06Z,57,1146656,144092984,115,116541,30092.505
2026-10-07T15:33:44Z,58,1128560,146580632,117,102750,29972.326
2026-10-07T15:34:21Z,59,1128040,149067672,119,452292,29063.367
2026-10-07T15:34:58Z,60,1132160,151579408,121,659083,29060.485
2026-10-07T15:35:35Z,61,1154136,154066640,123,521417,29086.086
2026-10-07T15:36:12Z,62,1152368,156553976,125,138208,28726.130
2026-10-07T20:33:00Z,63,1152840,159380888,127,66333,200050.650
2026-10-07T20:34:27Z,64,1135800,161891784,129,51500,20052.601
2026-10-07T20:34:40Z,65,1136272,164421800,131,669208,5968.908
2026-10-07T20:34:52Z,66,1130424,166900096,133,60167,3844.018
2026-10-07T20:35:05Z,67,1142144,169408848,135,76000,4297.838
2026-10-07T20:35:16Z,68,1160216,171854592,137,7417709,3775.772
2026-10-07T20:35:28Z,69,1135600,174353200,139,71750,3932.010
2026-10-07T20:35:40Z,70,1153560,176875432,141,54166,3936.619
2026-10-07T20:35:52Z,71,1137152,179346200,143,188125,3856.448
2026-10-07T20:36:04Z,72,1148120,181902528,145,114750,3871.971
2026-10-07T20:36:16Z,73,1142144,184369432,147,70917,3860.074
2026-10-07T20:36:28Z,74,1151256,186878496,149,75084,3863.804
2026-10-07T20:36:40Z,75,1182256,189394568,151,2337750,3882.996
2026-10-07T20:36:52Z,76,1155048,191850544,153,69750,4157.386
2026-10-07T20:37:04Z,77,1143496,194338104,155,49959,3995.423
2026-10-07T20:37:15Z,78,1146592,196857600,157,108124,3686.526
2026-10-07T20:37:27Z,79,1160416,199341624,159,51209,3587.720
2026-10-07T20:37:39Z,80,1159880,201774760,161,76666,3526.646
2026-10-07T20:37:50Z,81,1136208,204230648,163,55334,3472.174
2026-10-07T20:38:02Z,82,1145448,206735408,165,105750,3896.759
2026-10-07T20:38:14Z,83,1145688,209249896,167,86875,3746.040
2026-10-07T20:38:25Z,84,1154888,211760152,169,46375,3377.246
2026-10-07T20:38:37Z,85,1163376,214307600,171,66083,3656.242
2026-10-07T20:38:49Z,86,1167976,216756648,173,53792,3746.505
2026-10-07T20:39:00Z,87,1155040,219245800,175,128792,3769.130
2026-10-07T20:39:14Z,88,1152712,221763816,177,62417,5453.510
2026-10-07T20:39:25Z,89,1183744,224260744,179,141124,3381.522
2026-10-07T20:39:37Z,90,1174232,226691512,181,88041,3506.295
2026-10-07T20:39:49Z,91,1167200,229240152,183,145625,4030.936
2026-10-07T20:40:01Z,92,1161664,231797048,185,359124,3836.029
2026-10-07T20:40:12Z,93,1163760,234242168,187,224625,3587.036
2026-10-07T20:40:24Z,94,1142728,236732328,189,185209,3498.771
2026-10-07T20:40:35Z,95,1159408,239261880,191,62000,3608.186
2026-10-07T20:40:47Z,96,1171576,241763360,193,248167,3692.491
2026-10-07T20:40:58Z,97,1179840,244216592,195,254375,3425.659
2026-10-07T20:41:10Z,98,1148952,246690368,197,241042,3529.620
2026-10-07T20:41:22Z,99,1141936,249174248,199,344958,3904.070
2026-10-07T20:41:34Z,100,1150768,251661080,201,235959,3917.413
2026-10-07T20:41:46Z,101,1181504,254143120,203,444792,3819.582
2026-10-07T20:41:57Z,102,1149976,256615656,205,157542,3497.756
2026-10-07T20:42:08Z,103,1159264,259121368,207,400291,3451.708
2026-10-07T20:42:20Z,104,1169432,261586440,209,235250,3421.812
2026-10-07T20:42:31Z,105,1156736,264106312,211,258417,3462.144
2026-10-07T20:42:43Z,106,1178280,266579296,213,204166,3611.823
2026-10-07T20:42:54Z,107,1146816,269063264,215,247833,3493.603
2026-10-07T20:43:06Z,108,1163816,271557472,217,189875,3549.336
2026-10-07T20:43:18Z,109,1156872,274061632,219,70417,3559.024
2026-10-07T20:43:29Z,110,1156128,276559808,221,252874,3510.790
2026-10-07T20:43:41Z,111,1171504,279030872,223,217958,3412.560
2026-10-07T20:43:52Z,112,1151016,281551664,225,205792,3500.740
2026-10-07T20:44:04Z,113,1155008,284021264,227,298625,3966.809
2026-10-07T20:44:16Z,114,1156456,286474904,229,241292,3843.748
2026-10-07T20:44:28Z,115,1161640,289016112,231,258375,3745.290
2026-10-07T20:44:39Z,116,1151792,291487072,233,188959,3850.676
2026-10-07T20:44:51Z,117,1158976,293987624,235,65625,3672.400
2026-10-07T20:45:03Z,118,1159064,296504672,237,167625,3792.170
2026-10-07T20:45:15Z,119,1151680,299027704,239,98333,3753.762
2026-10-07T20:45:27Z,120,1161144,301542368,241,63417,3978.242
2026-10-07T20:45:39Z,121,1184528,304043320,243,207500,3906.593
2026-10-07T20:45:50Z,122,1173880,306549360,245,61791,3819.282
2026-10-07T20:46:03Z,123,1198992,309040176,247,61292,4199.800
2026-10-07T20:46:14Z,124,1162904,311508824,249,68209,3698.937
2026-10-07T20:46:26Z,125,1171008,314027192,251,121750,3565.501
2026-10-07T20:46:38Z,126,1180584,316456512,253,88666,3793.770
2026-10-07T20:46:49Z,127,1187800,318957512,255,53791,3678.917
2026-10-07T20:47:01Z,128,1175688,321382192,257,123584,3643.048
2026-10-07T20:47:13Z,129,1169592,323895856,259,91333,3736.989
2026-10-07T20:47:24Z,130,1146680,326394544,261,124708,3721.833
2026-10-07T20:47:36Z,131,1176976,328897600,263,214875,3749.174
2026-10-07T20:47:48Z,132,1179832,331346024,265,109458,3825.308
2026-10-07T20:48:05Z,133,1147768,333821184,267,215167,8720.377
2026-10-07T20:48:16Z,134,1157112,336324096,269,241751,3633.691
2026-10-07T20:48:28Z,135,1172688,338825504,271,199042,3706.229
2026-10-07T20:48:40Z,136,1171320,341242576,273,203376,3889.935
2026-10-07T20:48:52Z,137,1175456,343933064,275,279584,3831.194
2026-10-07T20:49:04Z,138,1160168,346407688,277,268458,3777.654
2026-10-07T20:49:15Z,139,1175376,348906752,279,56042,3697.830
2026-10-07T20:49:27Z,140,1147688,351429560,281,341667,3859.749
2026-10-07T20:49:39Z,141,1157048,353954160,283,255833,3944.210
2026-10-07T20:49:51Z,142,1162344,356477224,285,90958,3757.608
2026-10-07T20:50:03Z,143,1171200,358993096,287,221917,3802.668
2026-10-07T20:50:15Z,144,1187288,361513088,289,72709,3829.661
2026-10-07T20:50:26Z,145,1171056,364011992,291,63708,3754.966
2026-10-07T20:50:38Z,146,1178696,366535984,293,529167,3848.108
2026-10-07T20:50:50Z,147,1175424,369087104,295,64458,3773.830
2026-10-07T20:51:02Z,148,1169800,371582296,297,145876,4045.295
2026-10-07T20:51:14Z,149,1185904,374084928,299,51333,3808.857
2026-10-07T20:51:26Z,150,1168712,376501752,301,56000,3732.432
2026-10-07T20:51:37Z,151,1171408,378980816,303,69583,3858.249
2026-10-07T20:51:49Z,152,1186232,381480368,305,52292,3651.974
2026-10-07T20:52:01Z,153,1189136,383975008,307,64959,3617.438
2026-10-07T20:52:12Z,154,1198904,386495416,309,76042,3483.751
2026-10-07T20:52:24Z,155,1174464,389013016,311,70125,3817.959
2026-10-07T20:52:36Z,156,1199496,391486192,313,200917,3639.150
2026-10-07T20:52:47Z,157,1206672,393911896,315,64500,3783.401
2026-10-07T20:52:59Z,158,1161912,396366536,317,133376,3601.876
2026-10-07T20:53:11Z,159,1156096,398876624,319,160584,3990.949
2026-10-07T20:53:23Z,160,1204488,401421568,321,65876,3596.381
2026-10-07T20:53:35Z,161,1183760,403993248,323,82000,3968.609
2026-10-07T20:53:49Z,162,1172656,406513608,325,53918,6170.687
2026-10-07T20:54:00Z,163,1200896,408979688,327,55500,3716.627
2026-10-07T20:54:12Z,164,1188200,411399272,329,56750,3827.843
2026-10-07T20:54:25Z,165,1200224,413853832,331,56667,4388.531
2026-10-07T20:54:37Z,166,1169848,416340440,333,49541,4070.154
2026-10-07T20:54:49Z,167,1167264,418843072,335,67751,4184.572
2026-10-07T20:55:01Z,168,1163368,421335632,337,58375,4212.346
2026-10-07T20:55:13Z,169,1193272,423828384,339,66834,3944.289
2026-10-07T20:55:25Z,170,1196776,426260832,341,127584,4168.512
2026-10-07T20:55:38Z,171,1206944,428768328,343,63125,4354.392
2026-10-07T20:55:49Z,172,1169656,431240016,345,186125,3672.295
2026-10-07T20:56:01Z,173,1169088,433777680,347,84000,3713.966
2026-10-07T20:56:13Z,174,1172408,436283960,349,53584,3677.994
2026-10-07T20:56:24Z,175,1182240,438796352,351,68584,3644.334
2026-10-07T20:56:36Z,176,1195480,441289064,353,73500,3578.688
2026-10-07T20:56:48Z,177,1220032,443776144,355,52499,4055.169
2026-10-07T20:56:59Z,178,1192664,446253888,357,51666,3425.541
2026-10-07T20:57:11Z,179,1203200,448762704,359,57666,3590.286
2026-10-07T20:57:22Z,180,1193752,451270080,361,95208,3514.978
2026-10-07T20:57:34Z,181,1167128,453780560,363,79166,3546.079
2026-10-07T20:57:47Z,182,1185000,456283856,365,81125,4623.750
2026-10-07T20:57:59Z,183,1181296,458851712,367,200584,3945.055
2026-10-07T20:58:11Z,184,1171128,461357544,369,97958,4006.281
2026-10-07T20:58:23Z,185,1204680,463871240,371,2768375,4124.391
2026-10-07T20:58:35Z,186,1174952,466310152,373,119709,4156.358
2026-10-07T20:58:47Z,187,1197504,468773784,375,187375,4023.989
2026-10-07T20:58:58Z,188,1204760,471199272,377,60418,3556.134
2026-10-07T20:59:10Z,189,1205344,473616008,379,4144084,3827.370
2026-10-07T20:59:22Z,190,1200208,476090128,381,95541,4137.067
2026-10-07T20:59:34Z,191,1183016,478534144,383,127125,3867.401
2026-10-07T20:59:46Z,192,1176376,481041952,385,102333,3920.775
2026-10-07T20:59:58Z,193,1175368,483524888,387,67501,3861.393
2026-10-07T21:00:10Z,194,1200088,486079456,389,47292,3772.336
2026-10-07T21:00:22Z,195,1193312,488616744,391,53084,3793.123
2026-10-07T21:00:33Z,196,1172560,491152880,393,62959,3586.724
2026-10-07T21:00:45Z,197,1184072,493699192,395,96916,3724.449
2026-10-07T21:00:57Z,198,1206176,496176992,397,70167,3705.635
2026-10-07T21:01:08Z,199,1173984,498641080,399,63042,3619.152
2026-10-07T21:01:20Z,200,1205200,501132592,401,222333,3742.172
2026-10-07T21:01:32Z,201,1207056,503598864,403,52125,4087.045
2026-10-07T21:01:44Z,202,1214040,506024080,405,47959,3980.323
2026-10-07T21:01:56Z,203,1214208,508439384,407,87000,3698.832
2026-10-07T21:02:08Z,204,1197432,510887112,409,80583,3866.370
2026-10-07T21:02:20Z,205,1176448,513427208,411,79708,4224.653
2026-10-07T21:02:32Z,206,1182040,515904376,413,150041,4047.948
2026-10-07T21:02:44Z,207,1215632,518413392,415,99416,3925.080
2026-10-07T21:02:56Z,208,1207208,520849368,417,183292,4065.886
2026-10-07T21:03:08Z,209,1222064,523280112,419,56043,3899.466
2026-10-07T21:03:20Z,210,1191384,525816216,421,97916,3765.223
2026-10-07T21:03:32Z,211,1192032,528319000,423,398500,3849.376
2026-10-07T21:03:44Z,212,1189592,530795016,425,85584,4000.694
2026-10-07T21:03:55Z,213,1201736,533634456,427,388958,3916.057
2026-10-07T21:04:08Z,214,1197448,536114568,429,93999,4170.500
2026-10-07T21:04:19Z,215,1175112,538640152,431,698583,3658.934
2026-10-07T21:04:31Z,216,1184368,541146560,433,63334,3695.100
2026-10-07T21:04:43Z,217,1181808,543648376,435,46208,3619.888
2026-10-07T21:04:54Z,218,1191320,546203752,437,77625,3724.621
2026-10-07T21:05:06Z,219,1205888,548700648,439,258750,3697.851
2026-10-07T21:05:18Z,220,1159336,551150976,441,111751,3641.809
2026-10-07T21:05:29Z,221,1199920,553708536,443,320708,3766.676
2026-10-07T21:05:41Z,222,1159864,556219360,445,87291,3680.977
2026-10-07T21:05:53Z,223,1187064,558763360,447,209958,3808.790
2026-10-07T21:06:05Z,224,1187688,561258984,449,68749,3707.954
2026-10-07T21:06:16Z,225,1212848,563742312,451,53167,3664.701
2026-10-07T21:06:28Z,226,1188144,566210400,453,45875,3414.208
2026-10-07T21:06:39Z,227,1204960,568682456,455,67625,3567.371
2026-10-07T21:06:51Z,228,1207240,571239400,457,60749,3612.273
2026-10-07T21:07:02Z,229,1205152,573680096,459,114000,3569.920
2026-10-07T21:07:14Z,230,1207800,576128568,461,82500,3520.926
2026-10-07T21:07:26Z,231,1184640,578605048,463,76834,3494.146
2026-10-07T21:07:37Z,232,1208376,581090424,465,100209,3478.361
2026-10-07T21:07:49Z,233,1208544,583506912,467,69917,3506.907
2026-10-07T21:08:00Z,234,1216424,585933608,469,111376,3600.283
2026-10-07T21:08:12Z,235,1193392,588400144,471,91417,3544.543
2026-10-07T21:08:23Z,236,1204608,590892512,473,49541,3577.498
2026-10-07T21:08:35Z,237,1206320,593437384,475,79749,3636.050
2026-10-07T21:08:46Z,238,1200352,595954880,477,83082,3588.407
2026-10-07T21:08:58Z,239,1212672,598417104,479,76500,3727.761
2026-10-07T21:09:10Z,240,1232264,600869904,481,169792,3697.396
2026-10-07T21:09:21Z,241,1194528,603331088,483,89875,3454.145
2026-10-07T21:09:33Z,242,1194488,605811024,485,63208,3562.279
2026-10-07T21:09:44Z,243,1226528,608338136,487,75875,3541.955
2026-10-07T21:09:56Z,244,1216936,610763696,489,96291,3691.465
2026-10-07T21:10:08Z,245,1227072,613264144,491,97916,3632.367
2026-10-07T21:10:19Z,246,1196304,615712400,493,69583,3596.803
2026-10-07T21:10:31Z,247,1219248,618181008,495,54875,3477.125
2026-10-07T21:10:42Z,248,1195408,620620888,497,56667,3536.144
2026-10-07T21:10:54Z,249,1219488,623091160,499,51625,3486.106
2026-10-07T21:11:06Z,250,1189560,625560888,501,63917,3655.786
2026-10-07T21:11:17Z,251,1197856,628068968,503,48375,3498.371
2026-10-07T21:11:29Z,252,1220664,630540600,505,63000,3519.520
2026-10-07T21:11:40Z,253,1220688,632957648,507,51166,3677.074
2026-10-07T21:11:52Z,254,1199656,635424936,509,102832,3300.288
2026-10-07T21:12:03Z,255,1195648,637923752,511,56250,3572.944
2026-10-07T21:12:15Z,256,1204480,640426568,513,70792,3633.782
2026-10-07T21:12:26Z,257,1232864,642898968,515,101167,3483.813
2026-10-07T21:12:38Z,258,1209448,645349504,517,52875,3605.391
2026-10-07T21:12:49Z,259,1227216,647885632,519,53750,3512.281
2026-10-07T21:13:07Z,260,1211800,650368408,521,76959,10106.526
2026-10-07T21:13:19Z,261,1200240,652885064,523,52167,3654.014
2026-10-07T21:13:31Z,262,1208776,655409688,525,67292,3563.097
2026-10-07T21:13:42Z,263,1191136,657884128,527,55958,3551.684
2026-10-07T21:13:54Z,264,1209824,660449424,529,77833,3733.553
2026-10-07T21:14:06Z,265,1201744,662951944,531,87834,3631.615
2026-10-07T21:14:17Z,266,1227816,665436224,533,92667,3641.011
2026-10-07T21:14:29Z,267,1231640,667867864,535,55416,3524.680
2026-10-07T21:14:40Z,268,1223976,670292616,537,66458,3693.754
2026-10-07T21:14:52Z,269,1199032,672761632,539,64958,3648.107
2026-10-07T21:15:04Z,270,1199384,675260328,541,122959,4018.075
2026-10-07T21:15:16Z,271,1204528,677728656,543,105125,3530.777
2026-10-07T21:15:27Z,272,1200688,680299360,545,113875,3694.705
2026-10-07T21:15:39Z,273,1197424,682763144,547,61374,3703.944
2026-10-07T21:15:51Z,274,1194776,685245344,549,123375,3597.965
2026-10-07T21:16:02Z,275,1218432,687796664,551,61333,3564.960
2026-10-07T21:16:14Z,276,1221064,690234280,553,51875,3423.124
2026-10-07T21:16:25Z,277,1238240,692707376,555,65916,3596.273
2026-10-07T21:16:37Z,278,1213360,695165200,557,52374,3843.575
2026-10-07T21:16:49Z,279,1231984,697724784,559,100499,3739.863
2026-10-07T21:17:01Z,280,1210016,700201600,561,112749,3750.283
2026-10-07T21:17:12Z,281,1249248,702705336,563,54041,3657.716
2026-10-07T21:17:24Z,282,1242952,705123984,565,49541,3665.146
2026-10-07T21:17:35Z,283,1242824,707540024,567,57082,3555.680
2026-10-07T21:17:47Z,284,1243992,709964008,569,50417,3428.016
2026-10-07T21:17:59Z,285,1246256,712382368,571,52416,3602.933
2026-10-07T21:18:10Z,286,1226216,714851760,573,59625,3605.844
2026-10-07T21:18:22Z,287,1201808,717339104,575,56541,3622.129
2026-10-07T21:18:34Z,288,1208424,719864912,577,66500,3906.638
2026-10-07T21:18:46Z,289,1239552,722394728,579,45084,3878.656
2026-10-07T21:18:57Z,290,1229336,725091528,581,56292,3759.189
2026-10-07T21:19:09Z,291,1230304,727564808,583,59292,3520.770
2026-10-07T21:19:21Z,292,1220456,730080472,585,68334,3684.230
2026-10-07T21:19:32Z,293,1207032,732590096,587,50166,3647.278
2026-10-07T21:19:44Z,294,1198520,735104264,589,72666,3809.114
2026-10-07T21:19:56Z,295,1205984,737629760,591,61250,3725.878
2026-10-07T21:20:09Z,296,1211384,740133128,593,52709,5357.010
2026-10-07T21:20:21Z,297,1205784,742675072,595,87999,3681.751
2026-10-07T21:20:32Z,298,1197992,745198280,597,59042,3680.233
2026-10-07T21:20:44Z,299,1220472,747748688,599,53457,3721.313
2026-10-07T21:20:56Z,300,1223504,750211992,601,84624,3717.116
2026-10-07T21:21:08Z,301,1210608,752718584,603,50791,3808.295
2026-10-07T21:21:20Z,302,1230328,755190360,605,619042,4331.909
2026-10-07T21:21:32Z,303,1202144,757691320,607,59042,3760.389
2026-10-07T21:21:44Z,304,1225680,760235920,609,80334,3821.010
2026-10-07T21:21:55Z,305,1216608,762689728,611,46875,3749.451
2026-10-07T21:22:07Z,306,1203848,765210112,613,89625,3729.807
2026-10-07T21:22:19Z,307,1208784,767660328,615,72042,3753.281
2026-10-07T21:22:30Z,308,1217528,770145264,617,53292,3597.798
2026-10-07T21:22:44Z,309,1228272,772620360,619,56584,5116.703
2026-10-07T21:22:55Z,310,1216128,775168176,621,56833,3940.330
2026-10-07T21:23:10Z,311,1197216,777664048,623,269417,6857.445
2026-10-07T21:23:23Z,312,1195072,780180272,625,343542,4211.005
2026-10-07T21:23:34Z,313,1199568,782715896,627,107292,3838.644
2026-10-07T21:23:46Z,314,1191912,785176784,629,580459,3914.990
2026-10-07T21:23:58Z,315,1186840,787702992,631,399292,3742.027
2026-10-07T21:24:10Z,316,1193848,790192352,633,171125,3734.937
2026-10-07T21:24:21Z,317,1201552,792682720,635,266459,3567.477
2026-10-07T21:24:33Z,318,1195576,795171880,637,798082,3715.585
2026-10-07T21:24:45Z,319,1210352,797638480,639,372291,3645.853
2026-10-07T21:24:56Z,320,1201376,800110408,641,209668,3638.001
2026-10-07T21:25:08Z,321,1222328,802664144,643,383751,3797.155
2026-10-07T21:25:20Z,322,1222240,805159960,645,176041,3686.791
2026-10-07T21:25:32Z,323,1224080,807706960,647,437584,3901.082
2026-10-07T21:35:44Z,324,1214536,810196256,649,222000,11423.232
2026-10-07T22:37:14Z,325,1243920,812661576,651,238292,29165.327
2026-10-07T22:37:29Z,326,1243400,815077312,653,258792,7345.872
2026-10-07T22:37:49Z,327,1213888,817504544,655,394750,11812.338
2026-10-07T22:38:04Z,328,1221080,820034488,657,492124,7318.834
2026-10-07T22:38:19Z,329,1226800,822547416,659,137125,7269.392
2026-10-07T22:38:35Z,330,1229496,825056904,661,366250,7358.616
2026-10-07T22:38:50Z,331,1216160,827578352,663,535375,7219.766
2026-10-07T22:39:05Z,332,1214368,830078808,665,762084,7189.119
2026-10-07T22:39:21Z,333,1226896,832577184,667,789168,7343.077
2026-10-07T22:39:36Z,334,1237096,835012696,669,184625,7291.920
2026-10-07T22:39:51Z,335,1214192,837490336,671,226291,7241.271
2026-10-07T22:40:06Z,336,1229880,839993272,673,493042,7212.173
2026-10-07T22:40:22Z,337,1222496,842502504,675,632500,7409.894
2026-10-07T22:40:37Z,338,1229128,845003216,677,537374,7392.526
2026-10-07T22:40:52Z,339,1214080,847487896,679,149375,7352.529
2026-10-07T22:41:08Z,340,1217288,849986664,681,361291,7261.327
2026-10-07T22:41:23Z,341,1215792,852469528,683,412000,7303.085
2026-10-07T22:41:38Z,342,1232120,854952336,685,196749,7429.826
2026-10-07T22:41:54Z,343,1217656,857421496,687,285875,7433.202
2026-10-07T22:42:09Z,344,1239672,859900992,689,1752291,7358.221
2026-10-07T22:42:25Z,345,1231376,862316784,691,116167,7332.618
2026-10-07T22:42:40Z,346,1226536,864834536,693,1088666,7424.580
2026-10-07T22:42:56Z,347,1211920,867349672,695,735500,7530.643
2026-10-07T22:43:11Z,348,1226408,869871952,697,764126,7540.677
2026-10-07T22:43:27Z,349,1215712,872317592,699,397208,7522.181
2026-10-07T22:43:42Z,350,1228472,874794880,701,665416,7561.322
2026-10-07T22:43:57Z,351,1220064,877259816,703,153959,7221.096
2026-10-07T22:44:13Z,352,1227304,879790480,705,268916,7319.117
2026-10-07T22:44:28Z,353,1211552,882294584,707,2114541,7463.373
2026-10-07T22:44:44Z,354,1237704,885068952,709,142417,7650.209
2026-10-07T22:45:00Z,355,1221728,887490704,711,349666,7664.634
2026-10-07T22:45:15Z,356,1228104,890004016,713,135209,7540.441
2026-10-07T22:45:31Z,357,1229600,892523432,715,439666,7621.475
2026-10-07T22:45:46Z,358,1229704,894983096,717,206708,7571.748
2026-10-07T22:46:02Z,359,1228240,897516632,719,1082666,7495.629
2026-10-07T22:46:18Z,360,1221880,900017784,721,469875,7807.165
2026-10-07T22:46:33Z,361,1228048,902469736,723,1612208,7814.978
2026-10-07T22:46:49Z,362,1228248,904977744,725,190709,7779.573
2026-10-07T22:47:05Z,363,1220544,907485040,727,1194458,7966.875
2026-10-07T22:47:21Z,364,1235992,909985904,729,246209,8105.521
2026-10-07T22:47:37Z,365,1220112,912430624,731,852292,7556.627
2026-10-07T22:47:52Z,366,1236832,914933736,733,177625,7633.428
2026-10-07T22:48:08Z,367,1250848,917396936,735,324000,7715.341
2026-10-07T22:48:24Z,368,1236392,919882832,737,225291,8029.748
2026-10-07T22:48:40Z,369,1237824,922379296,739,262917,7903.407
2026-10-07T22:48:56Z,370,1220952,924886712,741,433250,8120.258
2026-10-07T22:49:12Z,371,1220864,927390728,743,490875,7932.975
2026-10-07T22:49:28Z,372,1227176,929847624,745,336959,7904.459
2026-10-07T22:49:44Z,373,1220680,932317560,747,297000,7944.535
2026-10-07T22:50:00Z,374,1225064,934838904,749,170000,7707.297
2026-10-07T22:50:16Z,375,1231088,937343008,751,375208,7880.662
2026-10-07T22:50:32Z,376,1239752,939849448,753,4069041,7840.389
2026-10-07T22:50:47Z,377,1231840,942370408,755,228791,7719.522
2026-10-07T22:51:03Z,378,1233440,944904496,757,689375,8076.600
2026-10-07T22:51:19Z,379,1232320,947396960,759,428291,7704.604
2026-10-07T22:51:35Z,380,1243352,949871960,761,197125,7741.535
2026-10-07T22:51:51Z,381,1235440,952353304,763,170417,7773.894
2026-10-07T22:52:06Z,382,1235272,954882496,765,995333,7909.193
2026-10-07T22:52:22Z,383,1236472,957416032,767,292083,7876.915
2026-10-07T22:52:38Z,384,1266688,959931312,769,293291,7914.400
2026-10-07T22:52:54Z,385,1250336,962383736,771,753084,7937.831
2026-10-07T22:53:10Z,386,1242744,964842600,773,511041,7533.933
2026-10-07T22:53:25Z,387,1235392,967321784,775,590375,7726.566
2026-10-07T22:53:41Z,388,1228312,969825072,777,308374,7817.361
2026-10-07T22:53:57Z,389,1228400,972328480,779,163000,7565.892
2026-10-07T22:54:13Z,390,1235672,974836824,781,284041,7787.935
2026-10-07T22:54:36Z,391,1253592,977336952,783,304958,15800.038
2026-10-07T22:54:57Z,392,1260408,979807560,785,450792,12867.329
2026-10-07T22:55:13Z,393,1230832,982268264,787,1025291,7217.490
2026-10-07T22:55:28Z,394,1231624,984774816,789,185750,7040.736
2026-10-07T22:55:43Z,395,1239504,987304352,791,341333,7351.087
2026-10-07T22:55:58Z,396,1234552,989791568,793,218042,7422.993
2026-10-07T22:56:13Z,397,1234008,992279320,795,329208,6917.717
2026-10-07T22:56:28Z,398,1234856,994767600,797,326750,6832.954
2026-10-07T22:56:43Z,399,1243256,997272296,799,307000,6865.151
2026-10-07T22:56:58Z,400,1234984,999765288,801,294500,7419.587
2026-10-07T22:57:14Z,401,1242416,1002209328,803,198458,7373.419
2026-10-07T22:57:39Z,402,1257480,1004650624,805,251625,17037.805
2026-10-07T22:58:03Z,403,1228600,1007131312,807,410916,16123.284
2026-10-07T22:58:27Z,404,1227384,1009629744,809,295083,16438.118
2026-10-07T22:58:43Z,405,1220704,1012141488,811,114000,7489.244
2026-10-07T22:58:59Z,406,1237672,1014673336,813,291667,8155.633
2026-10-07T22:59:15Z,407,1228648,1017186648,815,316250,7559.807
2026-10-07T22:59:30Z,408,1228224,1019660328,817,206000,7835.980
2026-10-07T22:59:47Z,409,1260264,1022483008,819,217084,8247.957
2026-10-07T23:00:02Z,410,1229336,1024999816,821,285625,7655.798
2026-10-07T23:00:18Z,411,1228224,1027515320,823,468500,7961.494
2026-10-07T23:00:34Z,412,1235168,1029980184,825,311875,7844.346
2026-10-07T23:00:50Z,413,1229752,1032478176,827,245292,7831.839
2026-10-07T23:01:06Z,414,1237816,1034983952,829,426125,7959.375
2026-10-07T23:01:22Z,415,1244544,1037440016,831,727250,7645.833
2026-10-07T23:01:37Z,416,1244936,1039918624,833,646000,7788.394
2026-10-07T23:01:54Z,417,1230624,1042367904,835,735959,8482.161
2026-10-07T23:02:10Z,418,1224792,1044857256,837,199750,8343.919
2026-10-07T23:02:26Z,419,1223488,1047373760,839,299542,7534.004
2026-10-07T23:02:41Z,420,1224584,1049882840,841,310791,7047.579
2026-10-07T23:02:57Z,421,1239472,1052399880,843,212626,8162.078
2026-10-07T23:03:13Z,422,1246168,1054896624,845,791751,7502.492
2026-10-07T23:03:28Z,423,1223592,1057399976,847,289209,7125.556
2026-10-07T23:03:43Z,424,1232280,1059923344,849,210792,7303.205
2026-10-07T23:03:58Z,425,1239744,1062426128,851,699208,7382.490
2026-10-07T23:04:14Z,426,1223544,1064896920,853,1016916,7437.301
2026-10-07T23:04:29Z,427,1225024,1067396656,855,115833,7430.562
2026-10-07T23:04:45Z,428,1224008,1069911728,857,404083,7552.604
2026-10-07T23:05:01Z,429,1239776,1072421072,859,262292,7841.800
2026-10-07T23:05:16Z,430,1216976,1074852448,861,800541,7525.495
2026-10-07T23:05:32Z,431,1223168,1077338880,863,246125,7354.143
2026-10-07T23:05:47Z,432,1240216,1079847432,865,460625,7585.153
2026-10-07T23:06:03Z,433,1226912,1082360728,867,339958,7489.132
2026-10-07T23:06:18Z,434,1218784,1084881472,869,960833,7389.160
2026-10-07T23:06:34Z,435,1219192,1087378024,871,250541,7522.572
2026-10-07T23:06:49Z,436,1217912,1089832592,873,232458,7496.131
2026-10-07T23:07:04Z,437,1235768,1092353400,875,405667,7326.927
2026-10-07T23:07:20Z,438,1235336,1094836528,877,271292,7481.691
2026-10-07T23:07:35Z,439,1223944,1097344896,879,885208,7403.173
2026-10-07T23:07:51Z,440,1222200,1099860808,881,997417,7485.216
2026-10-07T23:08:06Z,441,1213520,1102366936,883,353583,7229.444
2026-10-07T23:08:21Z,442,1229832,1104843776,885,427583,7464.402
2026-10-07T23:08:37Z,443,1244768,1107351632,887,239625,7467.780
2026-10-07T23:08:53Z,444,1231336,1109803480,889,188500,7567.459
2026-10-07T23:09:08Z,445,1239720,1112303696,891,669916,7433.499
2026-10-07T23:09:23Z,446,1221632,1114779480,893,817208,7439.555
2026-10-07T23:09:39Z,447,1218800,1117307736,895,864999,7319.758
2026-10-07T23:09:54Z,448,1223176,1119806376,897,398833,7525.884
2026-10-07T23:10:10Z,449,1224272,1122306112,899,580416,7506.420
2026-10-07T23:10:25Z,450,1222120,1124795936,901,239291,7418.198
2026-10-07T23:10:41Z,451,1224176,1127283072,903,316000,7391.436
2026-10-07T23:10:56Z,452,1242056,1129833952,905,259916,7333.667
2026-10-07T23:11:11Z,453,1225480,1132320912,907,120875,7452.107
2026-10-07T23:11:27Z,454,1215752,1134823064,909,755166,7354.052
2026-10-07T23:11:43Z,455,1225560,1137329040,911,690126,7820.422
2026-10-07T23:11:58Z,456,1231432,1139853472,913,131666,7426.804
2026-10-07T23:12:13Z,457,1226040,1142359624,915,1027000,7341.149
2026-10-07T23:12:29Z,458,1234408,1144827240,917,683707,7351.561
2026-10-07T23:12:44Z,459,1236704,1147286752,919,526291,7393.183
2026-10-07T23:12:59Z,460,1227944,1149801120,921,235291,7349.049
2026-10-07T23:13:15Z,461,1226344,1152262776,923,436959,7402.344
2026-10-07T23:13:30Z,462,1226496,1154738920,925,196958,7497.481
2026-10-07T23:13:46Z,463,1236080,1157223048,927,262667,7352.410
2026-10-07T23:14:01Z,464,1221688,1159730240,929,228375,7440.859
2026-10-07T23:14:17Z,465,1243056,1162190216,931,249792,7325.233
2026-10-07T23:14:32Z,466,1212344,1164611992,933,778041,7364.347
2026-10-07T23:14:48Z,467,1244888,1167424232,935,223542,7642.466
2026-10-07T23:15:03Z,468,1220752,1169925424,937,242250,7383.420
2026-10-07T23:15:18Z,469,1226304,1172409680,939,679500,7460.325
2026-10-07T23:15:34Z,470,1212360,1174925448,941,378708,7357.982
2026-10-07T23:15:49Z,471,1229336,1177447864,943,236083,7692.194
2026-10-07T23:16:05Z,472,1219312,1179933264,945,516959,7588.319
2026-10-07T23:16:21Z,473,1213720,1182427800,947,762208,7462.673
2026-10-07T23:16:36Z,474,1231304,1184937224,949,752542,7486.577
2026-10-07T23:16:52Z,475,1223224,1187438048,951,587416,8195.493
2026-10-07T23:17:08Z,476,1223376,1189930688,953,108958,7766.733
2026-10-07T23:17:23Z,477,1217016,1192408680,955,538292,7348.022
2026-10-07T23:17:39Z,478,1238808,1194926208,957,268709,7920.692
2026-10-07T23:17:55Z,479,1217936,1197376032,959,354208,7539.467
2026-10-07T23:18:10Z,480,1209688,1199888288,961,280834,7382.759
2026-10-07T23:18:26Z,481,1242464,1202410552,963,834375,7685.780
2026-10-07T23:18:42Z,482,1222648,1204860088,965,887084,8003.521
2026-10-07T23:18:58Z,483,1225712,1207330192,967,1053417,8036.009
2026-10-07T23:19:13Z,484,1210952,1209804568,969,706209,7529.317
2026-10-07T23:19:29Z,485,1223552,1212295936,971,980708,7589.535
2026-10-07T23:19:45Z,486,1218264,1214829472,973,1674000,8068.439
2026-10-07T23:20:01Z,487,1213288,1217330840,975,224958,7458.988
2026-10-07T23:20:16Z,488,1211448,1219851360,977,2664292,7403.637
2026-10-07T23:20:31Z,489,1234296,1222349272,979,910167,7454.262
2026-10-07T23:20:47Z,490,1220072,1224866296,981,236083,7600.361
2026-10-07T23:21:03Z,491,1217776,1227342744,983,281208,7580.302
2026-10-07T23:21:19Z,492,1218280,1229828624,985,119042,7896.906
2026-10-07T23:21:34Z,493,1219904,1232348488,987,104584,7490.796
2026-10-07T23:21:50Z,494,1217560,1234832304,989,117374,7438.130
2026-10-07T23:22:05Z,495,1218704,1237355416,991,154042,7639.839
2026-10-07T23:22:20Z,496,1219960,1239850592,993,312584,7304.740
2026-10-07T23:22:36Z,497,1234176,1242333536,995,732917,7376.854
2026-10-07T23:22:52Z,498,1216112,1244780016,997,110792,7655.652
2026-10-07T23:23:07Z,499,1211704,1247275944,999,882792,7430.327
2026-10-07T23:23:23Z,500,1227768,1249770776,1001,224708,7644.254
2026-10-07T23:23:38Z,501,1229240,1252270320,1003,287875,7243.037
2026-10-07T23:23:53Z,502,1221696,1254774904,1005,280084,7594.345
2026-10-07T23:24:09Z,503,1220672,1257276096,1007,362041,7339.694
2026-10-07T23:24:24Z,504,1221616,1259747744,1009,66083,7313.720
2026-10-07T23:24:39Z,505,1220544,1262240880,1011,134542,7394.145
2026-10-07T23:24:55Z,506,1213192,1264777592,1013,498500,7240.252
2026-10-07T23:25:10Z,507,1228512,1267266392,1015,269166,7212.116
2026-10-07T23:25:26Z,508,1229752,1269749816,1017,316666,7770.356
2026-10-07T23:25:41Z,509,1229552,1272255544,1019,299875,7405.675
2026-10-07T23:25:57Z,510,1222008,1274745336,1021,444750,7894.570
2026-10-07T23:26:13Z,511,1222560,1277261056,1023,219292,7650.397
2026-10-07T23:26:28Z,512,1214328,1279749688,1025,293500,7727.356
2026-10-07T23:26:44Z,513,1228672,1282287872,1027,290501,7702.314
2026-10-07T23:27:00Z,514,1240624,1284828048,1029,231125,7556.126
2026-10-07T23:27:15Z,515,1242080,1287338040,1031,335167,7231.978
2026-10-07T23:27:31Z,516,1233776,1289835272,1033,329083,8462.530
2026-10-07T23:27:47Z,517,1232176,1292330936,1035,668375,7526.951
2026-10-07T23:28:03Z,518,1231736,1294813824,1037,229626,7604.476
2026-10-07T23:28:18Z,519,1247608,1297303680,1039,537625,7756.607
2026-10-07T23:28:34Z,520,1254328,1299742320,1041,858709,7666.312
2026-10-07T23:28:50Z,521,1222352,1302192440,1043,498542,7656.792
2026-10-07T23:29:05Z,522,1231400,1304691280,1045,219625,7787.816
2026-10-07T23:29:21Z,523,1233136,1307225600,1047,271958,7593.642
2026-10-07T23:29:37Z,524,1231512,1309734712,1049,268250,7501.032
2026-10-07T23:29:53Z,525,1254512,1312514208,1051,547874,8019.543
2026-10-07T23:30:08Z,526,1225016,1314957480,1053,228917,7200.381
2026-10-07T23:30:23Z,527,1224656,1317473384,1055,247124,7261.586
2026-10-07T23:30:39Z,528,1232920,1319993520,1057,433709,7497.601
2026-10-07T23:30:54Z,529,1239632,1322497368,1059,292875,7395.345
2026-10-07T23:31:10Z,530,1241128,1324988456,1061,157499,7634.993
2026-10-07T23:31:26Z,531,1243704,1327490016,1063,284833,7921.458
2026-10-07T23:31:41Z,532,1243464,1329994272,1065,427333,7860.594
2026-10-07T23:31:57Z,533,1229424,1332462728,1067,246625,7696.882
2026-10-07T23:32:13Z,534,1238400,1334983344,1069,194834,7515.290
2026-10-07T23:32:28Z,535,1246208,1337481512,1071,373208,7602.971
2026-10-07T23:32:43Z,536,1245928,1339971520,1073,328292,7086.216
2026-10-07T23:32:59Z,537,1238144,1342443696,1075,289166,7205.078
2026-10-07T23:33:14Z,538,1241240,1344963752,1077,320083,7117.771
2026-10-07T23:33:29Z,539,1261232,1347412456,1079,136542,7572.726
2026-10-07T23:33:45Z,540,1238480,1349867848,1081,311458,7601.572
2026-10-07T23:34:01Z,541,1253888,1352323920,1083,360917,7953.713
2026-10-07T23:34:16Z,542,1240592,1354840832,1085,293000,7567.972
2026-10-07T23:34:32Z,543,1238912,1357336992,1087,296708,7744.771
2026-10-07T23:34:48Z,544,1238808,1359866280,1089,255250,7924.465
2026-10-07T23:35:04Z,545,1241776,1362403904,1091,190001,7485.981
2026-10-07T23:35:19Z,546,1239096,1364855192,1093,336709,7410.649
2026-10-07T23:35:35Z,547,1232336,1367336600,1095,219751,7575.987
2026-10-07T23:35:50Z,548,1240696,1369828728,1097,254708,7332.016
2026-10-07T23:36:05Z,549,1231368,1372265016,1099,290916,7582.013
2026-10-07T23:36:21Z,550,1238904,1374730192,1101,312541,7559.319
2026-10-07T23:36:36Z,551,1232736,1377205176,1103,163667,7341.961
2026-10-07T23:36:52Z,552,1225856,1379693720,1105,163792,7699.884
2026-10-07T23:37:08Z,553,1224064,1382178992,1107,266334,8023.797
2026-10-07T23:37:27Z,554,1242392,1384664496,1109,240875,10831.996
2026-10-07T23:37:42Z,555,1232720,1387149608,1111,309918,7452.146
2026-10-07T23:37:58Z,556,1225176,1389614072,1113,324583,7499.119
2026-10-07T23:38:13Z,557,1248384,1392084480,1115,287792,7413.902
2026-10-07T23:38:29Z,558,1241432,1394514344,1117,179584,7363.433
2026-10-07T23:38:44Z,559,1240560,1396999608,1119,1974167,7665.530
2026-10-07T23:39:00Z,560,1232696,1399537064,1121,635584,7343.745
2026-10-07T23:39:15Z,561,1240960,1402039720,1123,653167,7214.958
2026-10-07T23:39:31Z,562,1235080,1404553512,1125,291666,7787.017
2026-10-07T23:39:46Z,563,1226640,1407050112,1127,321500,7273.532
2026-10-07T23:40:01Z,564,1235152,1409557784,1129,276916,7465.553
2026-10-07T23:40:17Z,565,1235120,1412068448,1131,277083,7773.589
2026-10-07T23:40:33Z,566,1243688,1414529248,1133,327792,7450.139
2026-10-07T23:40:48Z,567,1237536,1417003576,1135,552959,7537.864
2026-10-07T23:41:04Z,568,1259288,1419477592,1137,292250,7590.618
2026-10-07T23:41:19Z,569,1261552,1421894816,1139,326792,7322.601
2026-10-07T23:41:34Z,570,1247464,1424354816,1141,311375,7169.905
2026-10-07T23:41:50Z,571,1247184,1426830472,1143,785749,7452.869
2026-10-07T23:42:05Z,572,1240224,1429305040,1145,304959,7554.449
2026-10-07T23:42:21Z,573,1247232,1431791128,1147,318000,7564.369
2026-10-07T23:42:36Z,574,1240984,1434305032,1149,269625,7125.585
2026-10-07T23:42:52Z,575,1241008,1436826304,1151,293126,7731.899
2026-10-07T23:43:07Z,576,1247304,1439288000,1153,328083,7285.545
2026-10-07T23:43:23Z,577,1247328,1441739496,1155,274166,7455.000
2026-10-07T23:43:38Z,578,1231880,1444197208,1157,314708,7776.472
2026-10-07T23:43:54Z,579,1231336,1446716368,1159,5380458,7578.913
2026-10-07T23:44:09Z,580,1240168,1449211960,1161,141042,7271.702
2026-10-07T23:44:25Z,581,1231888,1451663128,1163,270541,7522.170
2026-10-07T23:44:40Z,582,1246952,1454159648,1165,594418,7740.142
2026-10-07T23:44:56Z,583,1254208,1456891688,1167,414375,7746.109
2026-10-07T23:45:12Z,584,1239184,1459353072,1169,651334,7488.683
2026-10-07T23:45:28Z,585,1261936,1461846184,1171,268749,7826.882
2026-10-07T23:45:43Z,586,1239416,1464293000,1173,400750,7816.557
2026-10-07T23:45:59Z,587,1240952,1466819648,1175,273876,7909.177
2026-10-07T23:46:16Z,588,1255208,1469324784,1177,343375,8391.326
2026-10-07T23:46:32Z,589,1240664,1471833384,1179,290666,7973.099
2026-10-07T23:46:48Z,590,1246016,1474314688,1181,498041,8236.163
2026-10-07T23:47:04Z,591,1248152,1476779584,1183,168667,8001.166
2026-10-07T23:47:20Z,592,1261424,1479226064,1185,259083,8016.671
2026-10-07T23:47:36Z,593,1239984,1481724184,1187,115750,7688.035
2026-10-07T23:47:51Z,594,1230184,1484174096,1189,403791,7534.929
2026-10-07T23:48:07Z,595,1255200,1486677160,1191,509958,7713.098
2026-10-07T23:48:23Z,596,1247968,1489123888,1193,343001,8113.501
2026-10-07T23:48:39Z,597,1237376,1491594976,1195,213083,7522.930
2026-10-07T23:48:54Z,598,1241728,1494131392,1197,1299626,7634.076
2026-10-07T23:49:09Z,599,1246384,1496622848,1199,714417,7300.171
2026-10-07T23:49:25Z,600,1240584,1499088664,1201,289501,8009.557
2026-10-07T23:49:41Z,601,1230320,1501521440,1203,1443875,7811.058
2026-10-07T23:49:57Z,602,1232392,1504029848,1205,413291,7980.818
2026-10-07T23:50:13Z,603,1255328,1506485632,1207,556625,7940.987
2026-10-07T23:50:29Z,604,1238608,1508961008,1209,256125,7769.934
2026-10-07T23:50:45Z,605,1241744,1511475528,1211,184291,7595.533
2026-10-07T23:51:01Z,606,1234576,1513982360,1213,296583,7949.210
2026-10-07T23:51:16Z,607,1240720,1516483328,1215,374250,7522.079
2026-10-07T23:51:32Z,608,1233384,1518934760,1217,314209,7850.909
2026-10-07T23:51:48Z,609,1258560,1521401640,1219,626250,8030.353
2026-10-07T23:52:04Z,610,1234784,1523914984,1221,269291,7783.386
2026-10-07T23:52:20Z,611,1256544,1526401736,1223,128833,8122.289
2026-10-07T23:52:35Z,612,1242904,1528864648,1225,273167,7542.141
2026-10-07T23:52:51Z,613,1232448,1531335608,1227,347249,7541.624
2026-10-07T23:53:06Z,614,1234776,1533822920,1229,737041,7458.012
2026-10-07T23:53:22Z,615,1227576,1536304264,1231,425042,7786.128
2026-10-07T23:53:38Z,616,1236176,1538807248,1233,641291,7698.427
2026-10-07T23:53:53Z,617,1239712,1541330184,1235,217667,7469.520
2026-10-07T23:54:09Z,618,1253224,1543805440,1237,285334,7407.102
2026-10-07T23:54:24Z,619,1230544,1546275536,1239,341750,7464.438
2026-10-07T23:54:40Z,620,1230120,1548777624,1241,295417,7286.760
2026-10-07T23:54:55Z,621,1238000,1551309024,1243,304833,7331.465
2026-10-07T23:55:10Z,622,1240136,1553811144,1245,267250,7458.383
2026-10-07T23:55:26Z,623,1246160,1556318032,1247,305999,7635.317
2026-10-07T23:55:41Z,624,1262648,1558798192,1249,292084,7334.159
2026-10-07T23:55:57Z,625,1240720,1561310480,1251,527167,7223.672
2026-10-07T23:56:12Z,626,1233112,1563805104,1253,308374,7520.422
2026-10-07T23:56:28Z,627,1233008,1566325168,1255,272084,7746.563
2026-10-07T23:56:43Z,628,1255368,1568779880,1257,277084,7348.575
2026-10-07T23:56:59Z,629,1240608,1571254440,1259,588209,8027.547
2026-10-07T23:57:15Z,630,1234136,1573748008,1261,276584,7468.312
2026-10-07T23:57:31Z,631,1241424,1576281512,1263,599209,7806.711
2026-10-07T23:57:47Z,632,1243896,1578809000,1265,99541,7997.197
2026-10-07T23:58:03Z,633,1235792,1581332456,1267,200499,8420.204
2026-10-07T23:58:18Z,634,1249688,1583827304,1269,998333,7443.348
2026-10-07T23:58:35Z,635,1235040,1586297208,1271,257376,8249.724
2026-10-07T23:58:51Z,636,1234696,1588797920,1273,388042,7908.074
2026-10-07T23:59:06Z,637,1242464,1591265000,1275,220709,7577.577
2026-10-07T23:59:22Z,638,1245016,1593742200,1277,363708,7461.464
2026-10-07T23:59:37Z,639,1234256,1596226936,1279,304874,7485.062
2026-10-07T23:59:53Z,640,1238096,1598990008,1281,263458,7378.605
2026-10-08T00:00:08Z,641,1251616,1601484432,1283,503625,7897.426
2026-10-08T00:00:24Z,642,1276216,1604032208,1285,308999,7653.467
2026-10-08T00:00:39Z,643,1254496,1606520488,1287,301708,7234.092
2026-10-08T00:00:55Z,644,1270504,1609057488,1289,258457,7296.307
2026-10-08T00:01:10Z,645,1262880,1611531280,1291,317541,7542.750
2026-10-08T00:01:26Z,646,1271208,1614044240,1293,464750,7696.113
2026-10-08T00:01:42Z,647,1285984,1616517232,1295,334542,7732.423
2026-10-08T00:01:57Z,648,1256616,1618997648,1297,275709,7626.146
2026-10-08T00:02:13Z,649,1265048,1621523160,1299,212291,7409.650
2026-10-08T00:02:28Z,650,1264280,1624045096,1301,383208,7457.314
2026-10-08T00:02:44Z,651,1286976,1626525600,1303,280041,7458.406
2026-10-08T00:02:59Z,652,1279800,1628943032,1305,224458,7685.038
2026-10-08T00:03:15Z,653,1265976,1631422152,1307,342876,7476.374
2026-10-08T00:03:30Z,654,1268120,1633930216,1309,298750,7219.974
2026-10-08T00:03:46Z,655,1269488,1636428272,1311,317959,7602.533
2026-10-08T00:04:01Z,656,1263944,1638913352,1313,295751,7127.967
2026-10-08T00:04:16Z,657,1263264,1641421984,1315,317167,7735.918
2026-10-08T00:04:32Z,658,1262704,1643906584,1317,169125,7546.377
2026-10-08T00:04:47Z,659,1279632,1646388344,1319,188626,7452.188
2026-10-08T00:05:03Z,660,1264424,1648865632,1321,210666,7477.090
2026-10-08T00:05:18Z,661,1273808,1651415776,1323,1215958,7420.446
2026-10-08T00:05:34Z,662,1282280,1653925816,1325,336750,7756.872
2026-10-08T00:05:50Z,663,1262464,1656400400,1327,1105209,7668.215
2026-10-08T00:06:06Z,664,1286296,1658864576,1329,220084,7804.662
2026-10-08T00:06:21Z,665,1273248,1661355912,1331,258833,7732.517
2026-10-08T00:06:37Z,666,1278744,1663828384,1333,349541,7780.190
2026-10-08T00:06:53Z,667,1272304,1666318992,1335,257375,7557.337
2026-10-08T00:07:09Z,668,1287048,1668819376,1337,970583,7817.488
2026-10-08T00:07:24Z,669,1272032,1671256552,1339,414708,7906.944
2026-10-08T00:07:40Z,670,1272424,1673740192,1341,1002499,7545.321
2026-10-08T00:07:56Z,671,1287856,1676208168,1343,358500,7996.105
2026-10-08T00:08:12Z,672,1281720,1678716872,1345,348208,7927.709
2026-10-08T00:08:27Z,673,1264256,1681223472,1347,221250,7536.939
2026-10-08T00:08:43Z,674,1268008,1683738408,1349,167958,7507.821
2026-10-08T00:08:58Z,675,1290536,1686245496,1351,308792,7312.852
2026-10-08T00:09:14Z,676,1266504,1688764576,1353,454376,7222.906
2026-10-08T00:09:29Z,677,1269096,1691277280,1355,305791,7446.268
2026-10-08T00:09:45Z,678,1283736,1693755976,1357,315249,7783.890
2026-10-08T00:10:00Z,679,1261024,1696261360,1359,616667,7650.527
2026-10-08T00:10:16Z,680,1275976,1698730808,1361,250333,7765.100
2026-10-08T00:10:32Z,681,1277136,1701220256,1363,147500,7907.034
2026-10-08T00:10:48Z,682,1289960,1703752184,1365,295250,7564.641
2026-10-08T00:11:03Z,683,1305024,1706233736,1367,326459,7210.015
2026-10-08T00:11:18Z,684,1305048,1708687592,1369,415416,7232.536
2026-10-08T00:11:34Z,685,1282320,1711163800,1371,284875,8345.970
2026-10-08T00:11:51Z,686,1305096,1713624968,1373,352166,8427.977
2026-10-08T00:12:06Z,687,1290016,1716107432,1375,266833,7328.927
2026-10-08T00:12:22Z,688,1283656,1718604360,1377,201542,7367.563
2026-10-08T00:12:37Z,689,1276648,1721110192,1379,280209,7255.822
2026-10-08T00:12:52Z,690,1284440,1723620224,1381,270750,7399.681
2026-10-08T00:13:08Z,691,1285104,1726115136,1383,294958,7288.273
2026-10-08T00:13:23Z,692,1278200,1728612032,1385,295000,7725.977
2026-10-08T00:13:59Z,693,1271008,1731114392,1387,349875,27379.611
2026-10-08T00:14:14Z,694,1277424,1733626248,1389,299583,7281.430
2026-10-08T00:14:29Z,695,1300944,1736113048,1391,274041,7295.208
2026-10-08T00:14:45Z,696,1273320,1738586696,1393,303916,7318.682
2026-10-08T00:15:00Z,697,1294352,1741356448,1395,300416,7214.724
2026-10-08T00:15:15Z,698,1271896,1743838024,1397,266958,7225.816
2026-10-08T00:15:30Z,699,1279664,1746368512,1399,238666,7337.569
2026-10-08T00:15:46Z,700,1278088,1748881600,1401,289833,7290.682
2026-10-08T00:16:01Z,701,1280304,1751375928,1403,335375,7222.934
2026-10-08T00:16:16Z,702,1304456,1753868448,1405,688833,7327.340
2026-10-08T00:16:32Z,703,1288240,1756337672,1407,419251,7412.295
2026-10-08T00:16:47Z,704,1280800,1758832640,1409,405000,7174.977
2026-10-08T00:17:02Z,705,1274304,1761286568,1411,530166,7212.270
2026-10-08T00:17:18Z,706,1288744,1763743984,1413,287083,7526.961
2026-10-08T00:17:33Z,707,1283064,1766230528,1415,211625,7326.673
2026-10-08T00:17:48Z,708,1283688,1768726984,1417,286958,7464.120
2026-10-08T00:18:04Z,709,1285640,1771216344,1419,652167,7378.962
2026-10-08T00:18:19Z,710,1284152,1773717688,1421,293542,7130.508
2026-10-08T00:18:34Z,711,1284032,1776184832,1423,343500,7182.859
2026-10-08T00:18:49Z,712,1284616,1778658248,1425,293458,7259.585
2026-10-08T00:19:04Z,713,1279608,1781180808,1427,326292,7126.262
2026-10-08T00:19:20Z,714,1278072,1783688216,1429,313000,7276.434
2026-10-08T00:19:35Z,715,1293632,1786153888,1431,312500,7216.048
2026-10-08T00:19:50Z,716,1286504,1788651640,1433,310751,7100.561
2026-10-08T00:20:05Z,717,1288224,1791165832,1435,196418,7021.200
2026-10-08T00:20:20Z,718,1273032,1793664368,1437,322751,7030.694
2026-10-08T00:20:35Z,719,1285984,1796173032,1439,375708,7152.571
2026-10-08T00:20:50Z,720,1286440,1798613048,1441,301500,7076.848
2026-10-08T00:21:05Z,721,1278016,1801122640,1443,288875,7059.087
2026-10-08T00:21:21Z,722,1286232,1803624472,1445,218000,7075.288
2026-10-08T00:21:36Z,723,1271728,1806117456,1447,436001,7089.988
2026-10-08T00:21:51Z,724,1271672,1808630616,1449,295666,7123.572
2026-10-08T00:22:06Z,725,1301040,1811125272,1451,285708,7139.622
2026-10-08T00:22:21Z,726,1273584,1813608328,1453,373208,7073.274
2026-10-08T00:22:36Z,727,1273120,1816112520,1455,357791,7189.455
2026-10-08T00:22:51Z,728,1281360,1818616896,1457,393375,7257.364
2026-10-08T00:23:07Z,729,1273064,1821096224,1459,155291,7194.721
2026-10-08T00:23:22Z,730,1288600,1823616232,1461,127708,7372.849
2026-10-08T00:23:37Z,731,1304912,1826142864,1463,428791,7444.008
2026-10-08T00:23:53Z,732,1287896,1828561872,1465,228625,7310.049
2026-10-08T00:24:08Z,733,1283976,1831071896,1467,333084,7371.783
2026-10-08T00:24:24Z,734,1282872,1833567032,1469,207875,7479.281
2026-10-08T00:24:39Z,735,1291888,1836125056,1471,158583,7345.624
2026-10-08T00:24:54Z,736,1284304,1838589024,1473,125875,7372.348
2026-10-08T00:25:10Z,737,1284384,1841093856,1475,166584,7800.460
2026-10-08T00:25:26Z,738,1301640,1843594800,1477,1681500,7607.739
2026-10-08T00:25:41Z,739,1307072,1846082904,1479,141167,7235.782
2026-10-08T00:25:56Z,740,1306728,1848499304,1481,822833,7342.402
2026-10-08T00:26:12Z,741,1291776,1850982848,1483,732625,7347.699
2026-10-08T00:26:27Z,742,1277264,1853491280,1485,170417,7365.564
2026-10-08T00:26:43Z,743,1292304,1855981696,1487,204375,7651.648
2026-10-08T00:26:58Z,744,1287248,1858473304,1489,318917,7561.494
2026-10-08T00:27:14Z,745,1278768,1860944216,1491,170750,7430.187
2026-10-08T00:27:29Z,746,1279048,1863451544,1493,257583,7260.718
2026-10-08T00:27:46Z,747,1279920,1865965448,1495,428542,9298.875
2026-10-08T00:28:15Z,748,1303024,1868460760,1497,201874,20627.263
2026-10-08T00:28:30Z,749,1279400,1870955240,1499,333418,7540.037
2026-10-08T00:28:56Z,750,1290056,1873498352,1501,348666,17727.514
2026-10-08T00:29:38Z,751,1282144,1875995000,1503,449376,33673.085
2026-10-08T00:29:53Z,752,1257656,1878520248,1505,233167,7573.558
2026-10-08T00:30:09Z,753,1292448,1881319840,1507,310208,7565.828
2026-10-08T00:30:25Z,754,1292752,1883788240,1509,328834,7565.010
2026-10-08T00:30:40Z,755,1285480,1886286664,1511,298126,7444.122
2026-10-08T00:30:56Z,756,1286080,1888806464,1513,141792,7811.471
2026-10-08T00:31:11Z,757,1292464,1891293584,1515,569875,7580.662
2026-10-08T00:31:27Z,758,1286240,1893812584,1517,328583,7607.304
2026-10-08T00:31:43Z,759,1285568,1896261000,1519,380667,7841.009
2026-10-08T00:31:58Z,760,1271016,1898780488,1521,213625,7566.325
2026-10-08T00:32:14Z,761,1279128,1901274520,1523,118333,7629.903
2026-10-08T00:32:30Z,762,1295320,1903774088,1525,526167,7882.151
2026-10-08T00:32:46Z,763,1278880,1906249048,1527,132625,7605.190
2026-10-08T00:33:01Z,764,1287552,1908745880,1529,502457,7558.041
2026-10-08T00:33:17Z,765,1278912,1911255608,1531,165000,7805.121
2026-10-08T00:33:33Z,766,1271616,1913756696,1533,125251,7781.514
2026-10-08T00:33:48Z,767,1286208,1916307568,1535,646875,7617.568
2026-10-08T00:34:04Z,768,1272240,1918790568,1537,473916,7762.124
2026-10-08T00:34:20Z,769,1279088,1921245184,1539,176291,7913.560
2026-10-08T00:34:36Z,770,1287720,1923729784,1541,516500,8033.271
2026-10-08T00:34:52Z,771,1286304,1926197472,1543,779000,7962.537
2026-10-08T00:35:08Z,772,1272576,1928676776,1545,490126,7643.474
2026-10-08T00:35:23Z,773,1287704,1931155528,1547,536834,7654.717
2026-10-08T00:35:39Z,774,1280400,1933630136,1549,514958,7766.716
2026-10-08T00:35:55Z,775,1294080,1936110024,1551,197167,7323.714
2026-10-08T00:36:11Z,776,1278408,1938588464,1553,136292,8029.155
2026-10-08T00:36:25Z,777,1280696,1941107784,1555,111792,6865.394
2026-10-08T00:36:40Z,778,1293624,1943578416,1557,123834,6997.090
2026-10-08T00:36:55Z,779,1288424,1946071824,1559,127041,6966.500
2026-10-08T00:37:15Z,780,1279304,1948566040,1561,160750,11796.075
2026-10-08T00:37:35Z,781,1286728,1951105192,1563,139125,11652.435
2026-10-08T00:37:52Z,782,1280992,1953604192,1565,145459,9125.719
2026-10-08T00:38:12Z,783,1273952,1956094440,1567,147750,12117.762
2026-10-08T00:38:27Z,784,1279624,1958592744,1569,137417,7280.495
2026-10-08T00:38:44Z,785,1282256,1961082480,1571,128042,8130.803
2026-10-08T00:39:00Z,786,1305272,1963592568,1573,310542,8245.683
2026-10-08T00:39:15Z,787,1284032,1966094016,1575,130958,7367.281
2026-10-08T00:39:30Z,788,1300352,1968618376,1577,191333,7287.318
2026-10-08T00:39:46Z,789,1275112,1971062688,1579,198624,7320.962
2026-10-08T00:40:01Z,790,1299320,1973523792,1581,212625,7345.012
2026-10-08T00:40:16Z,791,1299648,1975979176,1583,151042,7397.787
2026-10-08T00:40:32Z,792,1306408,1978418472,1585,125208,7295.226
2026-10-08T00:40:47Z,793,1285400,1980910776,1587,216583,7347.823
2026-10-08T00:41:03Z,794,1299416,1983386336,1589,369333,7412.445
2026-10-08T00:41:18Z,795,1292000,1985864664,1591,480167,7555.973
2026-10-08T00:41:34Z,796,1284728,1988393480,1593,107125,7695.116
2026-10-08T00:41:50Z,797,1300192,1990897232,1595,226251,7751.580
2026-10-08T00:42:05Z,798,1286048,1993354472,1597,2266249,7427.764
2026-10-08T00:42:20Z,799,1294992,1995828096,1599,267958,7252.341
2026-10-08T00:42:35Z,800,1295640,1998295504,1601,699458,7119.032
2026-10-08T00:42:51Z,801,1286032,2000760160,1603,275251,7391.185
2026-10-08T00:43:06Z,802,1301928,2003243080,1605,371666,7387.819
2026-10-08T00:43:22Z,803,1309696,2005674648,1607,538458,7495.418
2026-10-08T00:43:47Z,804,1294680,2008111056,1609,220958,17777.438
2026-10-08T00:44:03Z,805,1309744,2010581232,1611,124584,7216.550
2026-10-08T00:44:18Z,806,1288160,2013074808,1613,396958,7301.371
2026-10-08T00:44:33Z,807,1280208,2015563816,1615,210625,7142.216
2026-10-08T00:44:49Z,808,1293320,2018047952,1617,327416,7570.063
2026-10-08T00:45:04Z,809,1298536,2020823112,1619,121917,7477.601
2026-10-08T00:45:30Z,810,1288256,2023337728,1621,134792,17324.971
2026-10-08T00:45:45Z,811,1294184,2025808024,1623,818208,7570.805
2026-10-08T00:46:01Z,812,1295240,2028258576,1625,171333,7505.811
2026-10-08T00:46:16Z,813,1310304,2030698712,1627,226833,7866.464
2026-10-08T00:46:32Z,814,1311640,2033182344,1629,638291,8028.254
2026-10-08T00:46:48Z,815,1279328,2035633072,1631,136875,7356.364
2026-10-08T00:47:03Z,816,1286224,2038126240,1633,267083,7538.638
2026-10-08T00:47:19Z,817,1289344,2040633608,1635,501791,7768.984
2026-10-08T00:47:35Z,818,1310056,2043090080,1637,157459,7703.053
2026-10-08T00:47:51Z,819,1297216,2045541328,1639,529834,8532.388
2026-10-08T00:48:07Z,820,1294536,2048011440,1641,222166,7442.067
2026-10-08T00:48:24Z,821,1280544,2050503816,1643,124209,8653.887
2026-10-08T00:48:41Z,822,1285992,2053013496,1645,220751,9276.424
2026-10-08T00:48:56Z,823,1287712,2055509720,1647,411208,7462.181
2026-10-08T00:49:12Z,824,1295336,2058014096,1649,205333,7551.046
2026-10-08T00:49:27Z,825,1279032,2060504384,1651,394666,7289.356
2026-10-08T00:49:43Z,826,1281328,2063004208,1653,437042,7675.083
2026-10-08T00:49:58Z,827,1287440,2065511344,1655,449583,7647.003
2026-10-08T00:50:14Z,828,1287768,2067977104,1657,237375,7698.423
2026-10-08T00:50:30Z,829,1288576,2070472944,1659,267833,7896.010
2026-10-08T00:50:46Z,830,1294808,2072932544,1661,349126,7567.777
